PROPERTY.GROUP,LATITUDE.x,LONGITUDE.x,simultaneous
1400,41.8843052,-87.69652347,FALSE
1406,41.88765104,-87.70451517,FALSE
1443,41.88108116,-87.70624412,FALSE
1454,41.88084148,-87.72090219,FALSE
1519,41.88259572,-87.73077836,FALSE
1525,41.88329418,-87.73693718,FALSE
1556,41.88050359,-87.75002874,TRUE
1558,41.88141955,-87.75035623,TRUE
1563,41.88376408,-87.75259678,FALSE
1576,41.88160433,-87.75320013,FALSE
1581,41.88184588,-87.75148579,FALSE
1582,41.88184022,-87.75194095,FALSE
1584,41.88316966,-87.75092555,FALSE
1589,41.88307452,-87.76480915,FALSE
1593,41.88667766,-87.76494469,FALSE
1595,41.88683772,-87.75667244,FALSE
1607,41.8806542,-87.75888925,FALSE
1609,41.88063704,-87.76027866,FALSE
1611,41.88301869,-87.76036256,FALSE
1619,41.8818367,-87.76174063,FALSE
1625,41.88670566,-87.76326344,FALSE
1628,41.88502487,-87.7634994,FALSE
1629,41.8852003,-87.76350564,TRUE
1630,41.88543233,-87.76351197,FALSE
1632,41.88628625,-87.76354215,TRUE
1635,41.88215569,-87.763339,FALSE
1639,41.88637051,-87.76190191,FALSE
1645,41.88538247,-87.77467972,FALSE
1650,41.88138748,-87.76504291,FALSE
1653,41.88390856,-87.76513491,FALSE
1654,41.88430602,-87.76515191,FALSE
1655,41.88579153,-87.76520617,TRUE
1663,41.88330656,-87.77317993,TRUE
1664,41.88510283,-87.7732378,FALSE
1674,41.88363584,-87.77205264,FALSE
1678,41.88601486,-87.77010858,FALSE
1684,41.88176656,-87.76670625,FALSE
1685,41.8823147,-87.76672579,FALSE
1686,41.88274672,-87.76674199,FALSE
1690,41.88206677,-87.76922215,FALSE
1698,41.8822899,-87.76896791,FALSE
1722,41.88454011,-87.62430852,FALSE
1825,41.88729071,-87.62469528,FALSE
1875,41.88755787,-87.62815307,FALSE
2214,41.89114061,-87.66203545,FALSE
2490,41.89539877,-87.71121631,TRUE
2493,41.88944778,-87.71506703,FALSE
2499,41.89102283,-87.71115585,TRUE
2527,41.89192049,-87.74555147,TRUE
2528,41.89231802,-87.74556872,FALSE
2543,41.88938364,-87.76503865,TRUE
2545,41.893025,-87.76517589,FALSE
2553,41.88899721,-87.76191046,FALSE
2567,41.89014671,-87.76352628,FALSE
2571,41.88856062,-87.7747809,FALSE
2574,41.89391457,-87.77488454,FALSE
2584,41.88803454,-87.77165961,TRUE
2586,41.89394034,-87.77207574,TRUE
2589,41.89035802,-87.76792526,TRUE
2969,41.8982271,-87.62731078,FALSE
3169,41.90300504,-87.66570654,TRUE
3748,41.89932699,-87.69693873,FALSE
3787,41.90232584,-87.7191301,FALSE
3800,41.89951117,-87.72606207,FALSE
3814,41.89705379,-87.72866161,FALSE
3841,41.89851993,-87.75112585,TRUE
3845,41.89947836,-87.74667939,TRUE
3882,41.90178912,-87.77186286,TRUE
3921,41.90009663,-87.62535934,TRUE
4027,41.90065231,-87.63419241,FALSE
4094,41.90323618,-87.63220582,FALSE
4097,41.90188637,-87.63300508,FALSE
4100,41.90193588,-87.63341002,FALSE
4198,41.90456512,-87.62985774,FALSE
4208,41.90714922,-87.62993696,FALSE
4422,41.9073099,-87.63953933,FALSE
4459,41.90587736,-87.63857659,FALSE
4467,41.90694652,-87.64074187,FALSE
4476,41.90563968,-87.63910431,FALSE
4990,41.90829257,-87.69221968,FALSE
4996,41.90740311,-87.69068524,FALSE
5059,41.90304313,-87.69584092,TRUE
5128,41.90473388,-87.71047711,TRUE
5137,41.9098353,-87.70714757,FALSE
5197,41.90545564,-87.72841459,FALSE
5203,41.90786477,-87.73396821,FALSE
5241,41.90227453,-87.76397592,FALSE
5247,41.90911404,-87.75703579,FALSE
5868,41.91232995,-87.7020798,FALSE
5891,41.91026783,-87.70372933,FALSE
6084,41.91247343,-87.74669389,FALSE
6090,41.90955748,-87.76551028,TRUE
6097,41.9095751,-87.76162873,FALSE
6099,41.90970961,-87.764374,FALSE
6121,41.91109302,-87.76563076,TRUE
6293,41.92323642,-87.64546116,FALSE
6484,41.92383827,-87.66728675,FALSE
6706,41.92381304,-87.69724202,FALSE
6878,41.92419242,-87.70735082,FALSE
6940,41.91753085,-87.71937389,FALSE
6955,41.92439735,-87.72509437,FALSE
7081,41.92363866,-87.80459805,FALSE
7190,41.93103864,-87.64393564,TRUE
7191,41.93140752,-87.64415515,FALSE
7219,41.92568935,-87.64081666,FALSE
7384,41.93011044,-87.65391981,FALSE
7582,41.92916393,-87.70721389,FALSE
7648,41.93191965,-87.70799052,FALSE
7739,41.92785698,-87.72305441,FALSE
7819,41.92438378,-87.73914434,TRUE
7854,41.92815931,-87.75644498,TRUE
7858,41.93088544,-87.75654846,FALSE
7942,41.93989938,-87.64733232,FALSE
7944,41.93989442,-87.6477084,FALSE
7945,41.93988318,-87.64838804,FALSE
8044,41.9328682,-87.64702222,FALSE
8139,41.93668048,-87.64083719,FALSE
8654,41.93800031,-87.72170614,TRUE
8703,41.93174257,-87.7390333,FALSE
8723,41.93326885,-87.75663613,FALSE
8820,41.94634346,-87.64474554,FALSE
8898,41.94374301,-87.64836079,FALSE
9121,41.94211948,-87.65402806,FALSE
9426,41.94654253,-87.70391868,FALSE
9466,41.94613052,-87.72019798,FALSE
9509,41.94039066,-87.72736676,FALSE
9512,41.94074663,-87.72907882,FALSE
9518,41.93904798,-87.74672794,FALSE
9540,41.93933877,-87.74702542,FALSE
9590,41.94903213,-87.64605909,FALSE
9696,41.95211386,-87.65190207,FALSE
10028,41.95288997,-87.7274466,FALSE
10087,41.95309037,-87.76550115,FALSE
10116,41.95794015,-87.64965206,FALSE
10127,41.95757266,-87.64640261,TRUE
10172,41.95596594,-87.65060053,FALSE
10174,41.95555099,-87.65303028,TRUE
10185,41.96045561,-87.65236423,FALSE
10199,41.95758244,-87.65636944,FALSE
10210,41.96170384,-87.65195168,FALSE
10498,41.95759891,-87.71317811,FALSE
10658,41.96051814,-87.75499349,FALSE
10685,41.96258577,-87.65396249,FALSE
10719,41.96628369,-87.65349141,TRUE
10747,41.96879479,-87.65466956,FALSE
10765,41.96226388,-87.65460801,FALSE
10767,41.96482781,-87.6546342,FALSE
10797,41.96534626,-87.6530344,FALSE
10801,41.9655623,-87.65326284,TRUE
10815,41.96653405,-87.6514038,FALSE
10830,41.96723438,-87.66398597,FALSE
10848,41.96859948,-87.66729349,FALSE
10870,41.96708739,-87.65972052,FALSE
10885,41.96224166,-87.66112338,FALSE
10896,41.96505073,-87.6622635,FALSE
10925,41.96521193,-87.66326006,FALSE
11151,41.9657023,-87.70751119,FALSE
11175,41.96133527,-87.69954285,FALSE
11272,41.96464227,-87.71343879,FALSE
11291,41.96272701,-87.7224063,FALSE
11319,41.96659941,-87.72167817,TRUE
11337,41.96231465,-87.73149156,FALSE
11343,41.96425588,-87.7347474,FALSE
11373,41.96071503,-87.75693512,TRUE
11409,41.97323236,-87.65287396,FALSE
11447,41.97203776,-87.65614896,FALSE
11471,41.97283849,-87.65477043,FALSE
11489,41.97540545,-87.65420141,TRUE
11499,41.97273795,-87.6578677,FALSE
11502,41.97453,-87.65791555,FALSE
11518,41.97272151,-87.66374634,FALSE
11579,41.97119761,-87.66095331,FALSE
11698,41.9688869,-87.67762523,TRUE
11855,41.97098232,-87.70869313,FALSE
11856,41.97132014,-87.70869976,TRUE
11911,41.97024058,-87.72203175,FALSE
12070,41.98154698,-87.65498348,FALSE
12093,41.97757464,-87.65799441,FALSE
12286,41.97797539,-87.69271806,FALSE
12293,41.9784607,-87.69699951,FALSE
12298,41.97820926,-87.69671159,FALSE
12316,41.98266483,-87.71143014,FALSE
12320,41.98133794,-87.71383304,TRUE
12360,41.97760567,-87.84632108,FALSE
12395,41.98468273,-87.65649797,FALSE
12401,41.98826932,-87.65661199,FALSE
12413,41.98689781,-87.65686211,FALSE
12417,41.98821157,-87.65690457,FALSE
12421,41.98973321,-87.65695125,FALSE
12432,41.9856411,-87.65538854,TRUE
12435,41.98692712,-87.65543537,FALSE
12457,41.9858547,-87.65823215,FALSE
12464,41.98431796,-87.65788863,FALSE
12474,41.98452355,-87.66929557,TRUE
12595,41.98346923,-87.69544876,TRUE
12715,41.99463926,-87.65680749,FALSE
12728,41.99271449,-87.65704128,FALSE
12734,41.99556527,-87.65712882,FALSE
12758,41.992945572000004,-87.6556227,FALSE
12771,41.99381825,-87.65818355,FALSE
12778,41.9964875,-87.65826422,FALSE
12786,41.99172686,-87.65841465,FALSE
12789,41.99365873,-87.65847338,TRUE
12800,41.99447949,-87.6573369,FALSE
12828,41.99094558,-87.66704136,FALSE
12977,41.99762949,-87.68939673,FALSE
12980,41.99412941,-87.6812546,FALSE
13008,41.99532934,-87.68259187,FALSE
13029,41.99192763,-87.68094835,FALSE
13032,41.99192345,-87.68124257,TRUE
13033,41.9925847,-87.68125941,FALSE
13046,41.99638091,-87.69091642,TRUE
13048,41.99599865,-87.69133373,FALSE
13073,41.99413626,-87.69534869,FALSE
13133,41.99635796,-87.7067353,FALSE
13134,41.99712211,-87.70705486,FALSE
13159,41.99525459,-87.70213457,FALSE
13182,41.99613525,-87.70337758,FALSE
13200,41.99606545,-87.71684737,FALSE
13306,42.0034471,-87.6700608,FALSE
13329,42.00115844,-87.66575271,FALSE
13381,42.00315877,-87.66795126,FALSE
13387,42.00158137,-87.67259948,TRUE
13394,42.00177379,-87.67414832,FALSE
13404,42.00358497,-87.67235193,TRUE
13424,42.00339435,-87.67307398,FALSE
13426,42.00361195,-87.67319052,FALSE
13443,42.00499713,-87.67073046,FALSE
13470,41.99790938,-87.68593715,FALSE
13495,41.99976298,-87.68336722,FALSE
13524,42.00313401,-87.69939136,FALSE
13538,41.99769952,-87.7034663,FALSE
13553,41.99973514,-87.70107288,TRUE
13603,42.00788237,-87.66089965,FALSE
13609,42.00565706,-87.66037856,FALSE
13623,42.01147501,-87.66462961,FALSE
13626,42.01164392,-87.66305334,FALSE
13639,42.0065295,-87.66862994,FALSE
13677,42.00899199,-87.66709765,FALSE
13690,42.0079661,-87.66899037,FALSE
13693,42.0056204,-87.66282386,FALSE
13697,42.00631282,-87.66129966,FALSE
13700,42.00885548,-87.66213297,FALSE
13702,42.00987619,-87.66246526,FALSE
13707,42.01269968,-87.66464696,FALSE
13709,42.01268557,-87.66549033,FALSE
13717,42.01168184,-87.66536193,FALSE
13731,42.00794147,-87.67045799,FALSE
13757,42.00671248,-87.67094852,FALSE
13759,42.00668649,-87.67237393,FALSE
13836,42.01239579,-87.68211228,FALSE
13848,42.01048726,-87.69447246,FALSE
13850,42.01118828,-87.69379176,FALSE
13873,42.0105496,-87.6912452,FALSE
13895,42.01810639,-87.66512052,FALSE
13911,42.01404113,-87.66397091,TRUE
13931,42.01764611,-87.66804675,FALSE
13945,42.0161708,-87.6675428,FALSE
13996,42.01632702,-87.68032542,FALSE
14029,42.01863178,-87.68637116,FALSE
14050,42.01523201,-87.6805416,FALSE
14072,42.01518368,-87.68316125,FALSE
14073,42.0184189,-87.68313552,FALSE
14087,42.01411821,-87.68356474,FALSE
14118,42.01238174,-87.68929424,FALSE
14121,42.01691207,-87.69083823,FALSE
14128,42.01365531,-87.69038394,FALSE
14136,42.02103996,-87.67022953,FALSE
14171,42.02237241,-87.67015372,FALSE
14185,42.02126474,-87.67077606,FALSE
14189,42.02241088,-87.67105195,FALSE
14190,42.02148276,-87.67410225,FALSE
14193,42.02106998,-87.6725281,FALSE
14216,42.01146372,-87.66528214,FALSE
14442,41.87764548,-87.67215509,FALSE
14474,41.87745534,-87.68485371,FALSE
14512,41.8738686,-87.69982462,FALSE
14527,41.87870816,-87.70253554,FALSE
14542,41.880597,-87.71114226,FALSE
14549,41.88078832,-87.71259073,FALSE
14560,41.87459484,-87.71813629,FALSE
14567,41.8775278,-87.72078455,FALSE
14568,41.87717386,-87.72078414,TRUE
14570,41.87679764,-87.72324105,TRUE
14646,41.87677084,-87.74238014,FALSE
14647,41.87707459,-87.73547397,FALSE
14654,41.87894875,-87.74262407,FALSE
14663,41.87844863,-87.74828103,FALSE
14681,41.87982256,-87.75338608,FALSE
14682,41.88004061,-87.75368818,FALSE
14686,41.87938454,-87.74586888,FALSE
14687,41.87960404,-87.74587387,FALSE
14699,41.87686526,-87.7474587,FALSE
14717,41.87389354,-87.75497379,TRUE
14719,41.87361658,-87.76172717,FALSE
14728,41.87301161,-87.75853776,TRUE
14733,41.87665653,-87.76391181,FALSE
14734,41.87794781,-87.75512382,FALSE
14735,41.87479856,-87.75500403,TRUE
14739,41.87738963,-87.76025206,FALSE
14753,41.87982944,-87.77153235,FALSE
14754,41.88000473,-87.77295794,TRUE
14756,41.8797978,-87.77315857,TRUE
14761,41.87782941,-87.76731387,FALSE
14762,41.87782465,-87.7676334,FALSE
14763,41.87974431,-87.76499581,FALSE
14848,41.87929044,-87.63655504,FALSE
14932,41.87632099,-87.6308794,FALSE
15137,41.86913751,-87.68258181,FALSE
15195,41.86776994,-87.68621328,FALSE
15241,41.87275943,-87.70328847,FALSE
15253,41.87259376,-87.71237941,FALSE
15277,41.87105257,-87.70761333,FALSE
15293,41.87241726,-87.72047363,FALSE
15312,41.8719286,-87.72755305,TRUE
15356,41.86755314,-87.77405847,FALSE
15358,41.86585634,-87.77276743,FALSE
15654,41.86504744,-87.69445217,FALSE
15691,41.86128616,-87.70537521,FALSE
15714,41.85935906,-87.70927142,FALSE
15781,41.86568758,-87.71936221,FALSE
15782,41.86434945,-87.71931908,FALSE
15791,41.86511461,-87.7179692,FALSE
15793,41.86481997,-87.71796112,TRUE
15794,41.86068505,-87.71783834,TRUE
15822,41.86098465,-87.72244021,FALSE
15827,41.86421272,-87.72770003,FALSE
15858,41.86288417,-87.73378647,TRUE
15893,41.86141967,-87.73618418,FALSE
16076,41.8594723,-87.65632335,FALSE
16428,41.85656388,-87.68300345,TRUE
16501,41.85750855,-87.69497176,FALSE
16548,41.85283997,-87.70163084,FALSE
16594,41.85701191,-87.71529981,FALSE
16643,41.85538639,-87.7259263,FALSE
16745,41.85157794,-87.63492035,FALSE
16976,41.85152367,-87.70019546,FALSE
16996,41.84728289,-87.70374314,FALSE
17002,41.84697274,-87.70158,FALSE
17055,41.85132343,-87.71635557,FALSE
17074,41.84968429,-87.71874803,FALSE
17085,41.85133081,-87.7318541,FALSE
17098,41.84706647,-87.72744887,TRUE
17119,41.84423259,-87.62195817,FALSE
17120,41.84357287,-87.62194688,TRUE
17124,41.83954494,-87.6230897,FALSE
17147,41.84213693,-87.61705822,FALSE
17198,41.83833137,-87.6327427,FALSE
17246,41.84441294,-87.63839073,FALSE
17311,41.840071,-87.66149243,TRUE
17417,41.83521335,-87.62048576,FALSE
17442,41.83357233,-87.61243055,FALSE
17542,41.83638365,-87.65095823,TRUE
17548,41.83562725,-87.65123025,FALSE
17595,41.83055716,-87.6702542,FALSE
17635,41.82505871,-87.62325424,FALSE
17637,41.83005407,-87.61731993,FALSE
17649,41.82575322,-87.61751743,TRUE
17666,41.82906766,-87.61695898,FALSE
17678,41.83083812,-87.61462489,TRUE
17686,41.8296572,-87.61459953,TRUE
17687,41.82864129,-87.61457959,FALSE
17693,41.83077665,-87.6102556,FALSE
17696,41.82926721,-87.60662782,FALSE
17698,41.83109682,-87.60836966,FALSE
17803,41.82446055,-87.68710668,TRUE
17835,41.82150215,-87.61863554,FALSE
17836,41.82121634,-87.61862753,FALSE
17851,41.81769199,-87.62320588,FALSE
17852,41.81713143,-87.62319074,FALSE
17855,41.81904177,-87.6197114,FALSE
17857,41.8216833,-87.61708473,FALSE
17889,41.82255123,-87.61565182,FALSE
17905,41.81675467,-87.61609081,FALSE
17907,41.81690823,-87.60760464,FALSE
17908,41.81922851,-87.61645178,FALSE
17916,41.82191213,-87.60362922,FALSE
18009,41.81127569,-87.61862347,FALSE
18022,41.81300527,-87.62248857,FALSE
18024,41.81250212,-87.62277661,FALSE
18031,41.81588305,-87.62315957,FALSE
18032,41.81571475,-87.62315454,FALSE
18052,41.81288844,-87.61760153,FALSE
18076,41.81570285,-87.61662074,FALSE
18096,41.81495845,-87.61521987,FALSE
18126,41.81559005,-87.60197292,FALSE
18127,41.81063739,-87.60186885,FALSE
18130,41.81385239,-87.59920482,FALSE
18138,41.81315831,-87.59805972,FALSE
18139,41.81125045,-87.60609811,FALSE
18145,41.8140866,-87.59921034,FALSE
18151,41.80976127,-87.59592719,TRUE
18159,41.8107813,-87.6454403,TRUE
18194,41.81532444,-87.67228476,FALSE
18224,41.81387171,-87.70528122,FALSE
18259,41.80683338,-87.62129339,TRUE
18265,41.80852006,-87.62266933,FALSE
18268,41.80555554,-87.62259392,FALSE
18269,41.80544292,-87.62259151,TRUE
18283,41.80316236,-87.62282421,FALSE
18285,41.80674898,-87.61937671,FALSE
18288,41.80595801,-87.61935781,FALSE
18317,41.80739082,-87.62062384,FALSE
18323,41.80879906,-87.622969,FALSE
18337,41.80397532,-87.61022926,FALSE
18338,41.80300035,-87.6102044,FALSE
18358,41.80677165,-87.6159142,FALSE
18363,41.80320303,-87.61116312,FALSE
18364,41.80227969,-87.61122689,FALSE
18367,41.80792233,-87.61370948,FALSE
18376,41.80221706,-87.61545215,TRUE
18384,41.80301701,-87.60912109,TRUE
18392,41.8022675,-87.61205423,FALSE
18402,41.80492088,-87.60903532,FALSE
18406,41.80401879,-87.60363157,TRUE
18419,41.80237347,-87.60588761,TRUE
18420,41.8023793,-87.60547275,FALSE
18421,41.80240771,-87.60293236,FALSE
18426,41.80841098,-87.60263577,FALSE
18430,41.80873391,-87.59696207,FALSE
18432,41.80579618,-87.60551002,FALSE
18435,41.80683465,-87.60636083,FALSE
18445,41.80252338,-87.59255015,FALSE
18468,41.80492318,-87.58562456,FALSE
18472,41.80254046,-87.59109498,FALSE
18502,41.80162621,-87.65026589,FALSE
18511,41.80569029,-87.65531333,TRUE
18591,41.80485951,-87.74294209,FALSE
18597,41.801795,-87.61629095,FALSE
18598,41.799622136000004,-87.6175775,FALSE
18599,41.79800787,-87.61753863,FALSE
18602,41.80061963,-87.61786015,TRUE
18615,41.7956068,-87.62101438,FALSE
18641,41.80136011,-87.61628875,FALSE
18644,41.7985631,-87.61672637,FALSE
18645,41.79834217,-87.61680046,FALSE
18689,41.79786308,-87.60112314,TRUE
18739,41.79874096,-87.60527529,FALSE
18751,41.80131388,-87.59033467,FALSE
18780,41.80028598,-87.589215,FALSE
18786,41.79857178,-87.58921454,TRUE
18805,41.80140027,-87.59359772,FALSE
18837,41.80158967,-87.59330848,FALSE
18848,41.79879987,-87.58535388,FALSE
18856,41.80064038,-87.58604842,FALSE
18862,41.79739503,-87.58561065,TRUE
18870,41.80237398,-87.5871808,FALSE
18880,41.80188015,-87.58507398,FALSE
18892,41.79970537,-87.58494775,FALSE
18908,41.79419961,-87.6607969,FALSE
18910,41.79417904,-87.6622224,FALSE
18979,41.79150507,-87.62223616,FALSE
18987,41.79195661,-87.62254005,TRUE
18993,41.78914772,-87.62247236,FALSE
18997,41.78807343,-87.62244264,FALSE
18998,41.78762147,-87.62243002,FALSE
18999,41.79251848,-87.61902058,FALSE
19017,41.79194256,-87.61605485,FALSE
19032,41.79139124,-87.62223354,FALSE
19035,41.78762232,-87.61648561,FALSE
19041,41.79096072,-87.62220556,FALSE
19046,41.79421122,-87.62488199,FALSE
19138,41.79539991,-87.59162591,FALSE
19176,41.79507542,-87.58752074,FALSE
19195,41.78912948,-87.63021181,FALSE
19204,41.79235623,-87.64374644,FALSE
19216,41.79155356,-87.66437442,FALSE
19254,41.78579063,-87.61695776,FALSE
19256,41.78632983,-87.61753964,FALSE
19258,41.78518903,-87.6204568,FALSE
19260,41.78306466,-87.62040232,TRUE
19263,41.78731685,-87.62185124,TRUE
19265,41.78316338,-87.62202058,FALSE
19268,41.78062165,-87.62184262,FALSE
19282,41.78579736,-87.61652936,FALSE
19284,41.78246783,-87.6158278,FALSE
19290,41.78728687,-87.62357172,FALSE
19291,41.78673187,-87.62373602,FALSE
19298,41.78732913,-87.62107983,FALSE
19300,41.78548189,-87.62171788,FALSE
19301,41.78552729,-87.61976233,FALSE
19302,41.78573894,-87.62023272,FALSE
19316,41.78321778,-87.61312365,FALSE
19329,41.7816137,-87.61338173,FALSE
19333,41.7824698,-87.60737874,FALSE
19335,41.78210001,-87.60827458,TRUE
19345,41.78218913,-87.6152774,FALSE
19359,41.78518649,-87.61106306,FALSE
19382,41.78574174,-87.60740122,TRUE
19395,41.78284667,-87.60450722,TRUE
19420,41.78215275,-87.60223493,FALSE
19422,41.78317773,-87.59105136,FALSE
19433,41.78158712,-87.59481427,FALSE
19440,41.78159175,-87.59094967,FALSE
19461,41.78351963,-87.64334056,FALSE
19462,41.78150969,-87.64167237,FALSE
19469,41.78270516,-87.654434,FALSE
19476,41.78157497,-87.64743841,FALSE
19483,41.780693092999996,-87.664103,FALSE
19489,41.77961479,-87.66202924,FALSE
19497,41.77947733,-87.67013473,FALSE
19509,41.78633359,-87.69251991,FALSE
19512,41.77933184,-87.68367576,FALSE
19516,41.77934176,-87.68548031,TRUE
19518,41.78021918,-87.68381371,FALSE
19523,41.77932186,-87.70085804,TRUE
19526,41.77967507,-87.7030105,FALSE
19531,41.78274231,-87.70160022,FALSE
19536,41.77928866,-87.69934614,FALSE
19539,41.77911214,-87.70113022,TRUE
19541,41.77915738,-87.69803998,FALSE
19543,41.78615531,-87.70349314,FALSE
19548,41.7797754,-87.70373046,FALSE
19549,41.779075,-87.70363675,FALSE
19554,41.77913544,-87.72262737,FALSE
19570,41.7787115,-87.61573757,FALSE
19571,41.77866642,-87.61573659,FALSE
19572,41.77793474,-87.61571455,FALSE
19573,41.77731374,-87.6156998,FALSE
19574,41.77725729,-87.61569846,FALSE
19575,41.77708793,-87.61569443,FALSE
19577,41.77611598,-87.61566912,FALSE
19578,41.77549546,-87.61565522,FALSE
19580,41.7788468,-87.61574048,FALSE
19581,41.77853022,-87.61573253,FALSE
19584,41.77804675,-87.60938309,FALSE
19591,NA,NA,TRUE
19595,41.77512317,-87.60811944,TRUE
19607,41.77489674,-87.61543603,FALSE
19615,NA,NA,FALSE
19618,41.77407333,-87.60077368,TRUE
19622,41.77442546,-87.5995684,FALSE
19629,41.77490579,-87.60229879,TRUE
19632,41.77803751,-87.604795,FALSE
19637,41.77886642,-87.59651806,FALSE
19644,41.77334353,-87.59635672,TRUE
19653,41.77748903,-87.59314971,TRUE
19654,41.77470595,-87.59308912,FALSE
19664,41.77795355,-87.58652921,FALSE
19669,41.77864186,-87.5922442,FALSE
19676,41.77497888,-87.63315518,FALSE
19682,41.77806052,-87.63164179,FALSE
19692,41.7772212,-87.64065355,TRUE
19693,41.77607394,-87.64062455,FALSE
19694,41.77265417,-87.64031944,FALSE
19708,41.77395758,-87.64478264,TRUE
19726,41.77267659,-87.66023782,FALSE
19727,41.7779005,-87.65451697,FALSE
19744,41.77862274,-87.69323182,FALSE
19745,41.77844887,-87.6932273,FALSE
19748,41.77891981,-87.69231718,FALSE
19749,41.77768877,-87.69228224,FALSE
19750,41.77713168,-87.69227741,FALSE
19756,41.77390113,-87.68392308,TRUE
19766,41.77726008,-87.70286758,FALSE
19774,41.7718537,-87.69815789,TRUE
19775,41.77184273,-87.69872192,TRUE
19776,41.77181541,-87.70093735,FALSE
19777,41.7718008,-87.70178584,FALSE
19781,41.77889657,-87.70206217,FALSE
19785,41.77361804,-87.70252498,FALSE
19806,41.76973515,-87.62007769,FALSE
19807,41.76824358,-87.6198559,FALSE
19810,41.77275864,-87.62096472,FALSE
19812,41.77274121,-87.62186879,FALSE
19815,41.76909157,-87.6225086,TRUE
19821,41.77018071,-87.62327579,FALSE
19822,41.76748496,-87.62286922,FALSE
19824,41.76846748,-87.6196169,FALSE
19828,41.76579541,-87.61648717,FALSE
19842,41.76924638,-87.61445232,FALSE
19858,41.77138033,-87.59127354,FALSE
19874,41.77161087,-87.58780154,FALSE
19879,41.76775293,-87.58785756,FALSE
19889,41.77279694,-87.58521155,FALSE
19891,41.7698162,-87.58539669,FALSE
19893,41.76963559,-87.5819349,FALSE
19894,41.76858385,-87.58143676,FALSE
19896,41.76717653,-87.58140089,FALSE
19897,41.76707376,-87.58139863,FALSE
19899,41.77255155,-87.58369483,FALSE
19901,41.76983427,-87.58372913,TRUE
19903,41.76689907,-87.58265943,FALSE
19905,41.77206492,-87.58397726,FALSE
19906,41.77172019,-87.58396684,FALSE
19910,41.77279729,-87.57662433,TRUE
19913,41.77068432,-87.57656953,TRUE
19914,41.7704573,-87.57656333,FALSE
19917,41.76808531,-87.57684235,TRUE
19918,41.76735296,-87.57647796,TRUE
19919,41.77326732,-87.58258555,FALSE
19926,41.76985157,-87.58223866,FALSE
19931,41.77089643,-87.58272615,FALSE
19933,41.77323379,-87.58521328,TRUE
19934,41.77327409,-87.58198674,FALSE
19940,41.76633652,-87.57817739,FALSE
19950,41.77297795,-87.57511236,FALSE
19951,41.77175825,-87.57482717,TRUE
19955,41.77291718,-87.57540407,FALSE
19957,41.76790658,-87.57526933,FALSE
19959,41.76687873,-87.57524443,TRUE
19965,41.77020629,-87.57381571,FALSE
19967,41.76678523,-87.57372468,TRUE
19971,41.77242464,-87.57416688,FALSE
19977,41.76942722,-87.57408918,TRUE
19978,41.76911962,-87.57408068,FALSE
19979,41.7681141,-87.5740515,FALSE
19990,41.76816171,-87.56943668,FALSE
19991,41.76794068,-87.56958722,FALSE
19992,41.76723991,-87.56972079,FALSE
20001,41.76977855,-87.5700153,FALSE
20002,41.76921319,-87.56999983,TRUE
20008,41.77228923,-87.57631587,FALSE
20009,41.77200571,-87.5763087,FALSE
20011,41.77337987,-87.57251269,TRUE
20012,41.77178425,-87.57255374,FALSE
20018,41.76975324,-87.57258259,FALSE
20019,41.76839372,-87.57254338,FALSE
20020,41.76791062,-87.57227866,FALSE
20021,41.76712038,-87.57251492,FALSE
20022,41.77337698,-87.57297175,TRUE
20023,41.77177765,-87.57326839,FALSE
20025,41.76994489,-87.5733023,FALSE
20026,41.76790167,-87.57324801,FALSE
20027,41.76662992,-87.57279722,TRUE
20035,41.76817738,-87.56742761,FALSE
20040,41.77122532,-87.56842783,TRUE
20042,41.76922674,-87.56837193,FALSE
20044,41.76724667,-87.56871747,FALSE
20046,41.77301788,-87.5714508,TRUE
20048,41.7717904,-87.57140272,TRUE
20049,41.77130714,-87.57140301,FALSE
20052,41.76974816,-87.57103707,FALSE
20053,41.7684057,-87.57132014,TRUE
20055,41.76722142,-87.57135072,TRUE
20057,41.77158574,-87.57170412,FALSE
20059,41.76995971,-87.57199578,FALSE
20060,41.76828773,-87.57161008,FALSE
20064,41.77343857,-87.56689931,FALSE
20070,41.76896052,-87.56667054,FALSE
20071,41.76796262,-87.56689136,FALSE
20072,41.77339285,-87.57153279,FALSE
20074,41.76700191,-87.57134607,FALSE
20080,41.76814234,-87.57106737,FALSE
20086,41.77335145,-87.5758377,FALSE
20087,41.77343579,-87.56778382,FALSE
20091,41.76788451,-87.57489776,FALSE
20092,41.76789088,-87.57438544,FALSE
20097,41.77019519,-87.62814467,FALSE
20099,41.77069145,-87.62845242,TRUE
20105,41.76609247,-87.62964152,FALSE
20111,41.76548056,-87.6360856,FALSE
20123,41.77071057,-87.63743453,FALSE
20124,41.77049125,-87.63742878,FALSE
20126,41.77247896,-87.63757646,FALSE
20128,41.76701661,-87.63854661,FALSE
20137,41.76737635,-87.64554634,FALSE
20141,41.76690778,-87.64582642,FALSE
20156,41.7674155,-87.64675574,FALSE
20160,41.76687451,-87.64824546,FALSE
20165,41.7668104,-87.6512538,FALSE
20168,41.76910056,-87.65771739,FALSE
20174,41.76908545,-87.65679687,FALSE
20180,41.77189731,-87.68226056,TRUE
20198,41.76214638,-87.61639538,FALSE
20202,41.76363787,-87.62221162,TRUE
20210,41.7648866,-87.62343236,FALSE
20214,41.76570395,-87.60919182,TRUE
20220,41.75855474,-87.61307246,FALSE
20221,41.76041568,-87.61119964,FALSE
20228,41.75854204,-87.61382442,FALSE
20258,41.76065989,-87.59045182,FALSE
20262,41.76004291,-87.59311535,FALSE
20274,41.76514887,-87.57920259,FALSE
20276,41.76319596,-87.57915581,TRUE
20277,41.76296991,-87.57915092,FALSE
20278,41.76237223,-87.57922267,TRUE
20284,41.76439939,-87.58049537,FALSE
20285,41.76418243,-87.58025682,FALSE
20294,41.76478145,-87.57641754,FALSE
20295,41.76523726,-87.57709719,FALSE
20296,41.76455795,-87.57708452,FALSE
20297,41.7655387,-87.58351568,FALSE
20300,41.76189566,-87.58341497,FALSE
20301,41.76564231,-87.58381192,FALSE
20304,41.76436548,-87.58386288,FALSE
20305,41.76553706,-87.57798369,FALSE
20311,41.76538361,-87.57643141,FALSE
20313,41.76332209,-87.57638576,FALSE
20318,41.76590951,-87.58206932,TRUE
20320,41.76143186,-87.58217913,FALSE
20321,41.76590323,-87.58276013,FALSE
20325,41.76187617,-87.58247059,FALSE
20329,41.76529976,-87.58175729,FALSE
20338,41.76148127,-87.577356,FALSE
20340,41.76170804,-87.57681308,TRUE
20350,41.76539624,-87.57697934,TRUE
20351,41.76421668,-87.57689935,TRUE
20353,41.76202576,-87.57484762,FALSE
20354,41.76061945,-87.57508456,FALSE
20358,41.76472706,-87.57612319,FALSE
20359,41.7633257,-87.57609258,FALSE
20360,41.76032501,-87.57602674,FALSE
20372,41.76602777,-87.57005362,TRUE
20386,41.76505513,-87.56369842,TRUE
20388,41.7645345,-87.56320499,FALSE
20393,41.7645056,-87.56463525,FALSE
20395,41.76085838,-87.56307321,FALSE
20397,41.75977334,-87.56330401,FALSE
20401,41.76199068,-87.56496589,FALSE
20402,41.76113981,-87.56495112,FALSE
20406,41.7661952,-87.56290818,FALSE
20411,41.76461471,-87.56097532,FALSE
20417,41.76265654,-87.55904035,FALSE
20420,41.76518331,-87.56190734,FALSE
20422,41.7644837,-87.56121062,FALSE
20426,41.76178357,-87.55854129,FALSE
20428,41.76095779,-87.55772725,FALSE
20438,41.76019949,-87.56231671,FALSE
20442,41.76432549,-87.56645002,FALSE
20446,41.76117674,-87.5562785,TRUE
20447,41.76472072,-87.63327883,FALSE
20448,41.761963,-87.63198475,FALSE
20451,41.76162802,-87.63442625,FALSE
20460,41.76001723,-87.63405323,TRUE
20461,41.75950826,-87.63559021,FALSE
20468,41.76387946,-87.64020061,TRUE
20475,41.76513564,-87.641745,TRUE
20477,41.75894271,-87.63557638,FALSE
20486,41.76277732,-87.68275712,TRUE
20504,41.75664437,-87.60557508,TRUE
20509,41.75137404,-87.60630193,FALSE
20519,41.75132361,-87.60927079,FALSE
20525,41.75483011,-87.60488898,FALSE
20528,41.7559574,-87.60301712,FALSE
20531,41.75210687,-87.60050346,FALSE
20535,41.75143681,-87.60148817,FALSE
20544,41.75724075,-87.58847579,FALSE
20546,41.75700363,-87.5918235,FALSE
20560,41.75167084,-87.57959036,FALSE
20569,41.75277391,-87.58458314,FALSE
20571,41.75620641,-87.58327817,TRUE
20572,41.75592423,-87.58327091,FALSE
20573,41.75564168,-87.58326354,FALSE
20581,41.75514916,-87.57621047,FALSE
20589,41.75869777,-87.58219869,TRUE
20590,41.75324249,-87.58181456,FALSE
20591,41.75163993,-87.58206946,FALSE
20598,41.75168964,-87.57811365,TRUE
20602,41.75225564,-87.56760327,TRUE
20608,41.75613239,-87.56131983,FALSE
20610,41.75190545,-87.56132802,TRUE
20617,41.75351692,-87.56156527,TRUE
20621,41.75731962,-87.56343432,FALSE
20622,41.75709913,-87.56351362,FALSE
20624,41.75530217,-87.56372833,FALSE
20626,41.75347418,-87.56335979,FALSE
20632,41.75711244,-87.5640568,TRUE
20636,41.75394818,-87.56399587,FALSE
20643,41.75733013,-87.56255832,TRUE
20644,41.75711447,-87.56221903,FALSE
20651,41.75349167,-87.56206542,TRUE
20656,41.75678893,-87.56283818,TRUE
20660,41.75369581,-87.56319727,TRUE
20664,41.75480361,-87.55865134,FALSE
20668,41.75549096,-87.56461191,FALSE
20670,41.75345362,-87.56490787,FALSE
20674,41.75574538,-87.56524376,FALSE
20675,41.75525791,-87.56565197,FALSE
20677,41.75366343,-87.56562225,FALSE
20687,41.75365949,-87.56595828,FALSE
20688,41.75820933,-87.56286625,FALSE
20692,41.75374215,-87.55956828,FALSE
20700,41.75791391,-87.55641925,FALSE
20701,41.75347251,-87.55163858,TRUE
20709,41.75675474,-87.55298474,FALSE
20710,41.75414707,-87.55017813,FALSE
20711,41.75674468,-87.5533508,FALSE
20713,41.75884927,-87.55523896,FALSE
20714,41.75637103,-87.55257073,FALSE
20715,41.75525268,-87.55136582,FALSE
20716,41.75836147,-87.55509281,FALSE
20719,41.75691518,-87.55353477,FALSE
20720,41.75477491,-87.55122848,FALSE
20722,41.75284251,-87.54914971,FALSE
20723,41.75316481,-87.5499341,TRUE
20724,41.75217698,-87.5520653,FALSE
20726,41.75952953,-87.55811392,FALSE
20727,41.75874969,-87.55770138,FALSE
20731,41.76043692,-87.55721244,FALSE
20732,41.7560199,-87.55256876,FALSE
20742,41.75538569,-87.55162354,FALSE
20746,41.75455303,-87.63360174,TRUE
20752,41.75636858,-87.63418005,FALSE
20755,41.75794075,-87.63617145,FALSE
20760,41.75416114,-87.64373453,TRUE
20764,41.75355674,-87.64030741,FALSE
20768,41.75584462,-87.63671592,TRUE
20770,41.75267965,-87.63686607,FALSE
20773,41.75679578,-87.6345994,FALSE
20775,41.75197537,-87.63447728,TRUE
20786,41.75417448,-87.64519904,FALSE
20787,41.75657912,-87.64434207,FALSE
20788,41.7540567,-87.65205579,TRUE
20789,41.75265243,-87.6488006,TRUE
20793,41.75261375,-87.64758571,FALSE
20798,41.75389127,-87.66301737,FALSE
20801,41.75212384,-87.65947603,FALSE
20802,41.75210702,-87.6606329,FALSE
20803,41.75381562,-87.66176768,FALSE
20804,41.75347706,-87.66175822,FALSE
20807,41.75193662,-87.66201054,FALSE
20808,41.75148468,-87.66200064,TRUE
20810,41.75256668,-87.6584957,FALSE
20812,41.75054151,-87.65814151,FALSE
20815,41.7524238,-87.6540218,FALSE
20816,41.7560185,-87.65765257,FALSE
20826,41.75406192,-87.66677678,FALSE
20827,41.75405419,-87.66748613,FALSE
20828,41.75045254,-87.66433989,FALSE
20857,41.75331874,-87.73006973,TRUE
20858,41.75328327,-87.73169898,FALSE
20861,41.75486919,-87.73185695,FALSE
20862,41.75332637,-87.72941951,TRUE
20863,41.75490046,-87.73004312,FALSE
20871,41.75093958,-87.61891501,FALSE
20875,41.75048961,-87.62312766,TRUE
20876,41.74992215,-87.62311386,FALSE
20879,41.7509672,-87.61729998,FALSE
20890,41.75115822,-87.60603988,FALSE
20899,41.74922457,-87.61238827,TRUE
20903,41.74395536,-87.61258756,FALSE
20907,41.74750271,-87.606198,FALSE
20910,41.74406136,-87.60613592,FALSE
20934,41.74942897,-87.61324386,FALSE
20940,41.74921466,-87.61296458,FALSE
20944,41.74759267,-87.61346471,FALSE
20950,41.75019912,-87.61019854,FALSE
20952,41.75104995,-87.61243839,FALSE
20955,41.74766558,-87.60933624,FALSE
20960,41.74702704,-87.60497088,TRUE
20963,41.75018372,-87.59894641,FALSE
20967,41.75077111,-87.60259631,FALSE
20968,41.74986286,-87.60257219,FALSE
20972,41.74754557,-87.60250659,FALSE
20973,41.7463149,-87.6024668,TRUE
20978,41.74704851,-87.6027808,FALSE
20983,41.74443229,-87.60271193,TRUE
20984,41.74942296,-87.60013511,TRUE
20985,41.74685192,-87.60006351,FALSE
20987,41.74553458,-87.60002212,FALSE
20991,41.74435011,-87.59999396,FALSE
20995,41.74575696,-87.60031991,FALSE
20996,41.74468603,-87.60029378,FALSE
20997,41.749123977000004,-87.60133995,FALSE
20998,41.74757784,-87.60129541,TRUE
21000,41.74604361,-87.60125219,TRUE
21001,41.74490055,-87.60122293,FALSE
21003,41.75038112,-87.60166903,FALSE
21004,41.74986999,-87.60165462,FALSE
21006,41.74815379,-87.60160449,FALSE
21010,41.74574266,-87.60153615,FALSE
21012,41.75070136,-87.60380365,TRUE
21019,41.74920792,-87.60405894,FALSE
21021,41.74591414,-87.60440707,TRUE
21022,41.74569464,-87.6044019,TRUE
21024,41.74469839,-87.60392956,FALSE
21028,41.74752472,-87.60445338,FALSE
21032,41.74577645,-87.59684055,FALSE
21035,41.74599015,-87.5972819,FALSE
21037,41.7510058,-87.60168557,FALSE
21040,41.7513336,-87.59004798,FALSE
21041,41.75133786,-87.58962026,FALSE
21044,41.75142042,-87.58206469,FALSE
21057,41.75159202,-87.56860604,TRUE
21072,41.75071319,-87.56364336,FALSE
21075,41.751635,-87.56507666,TRUE
21083,41.75103481,-87.56272846,FALSE
21086,41.75091004,-87.55758074,FALSE
21088,41.74864034,-87.55754591,FALSE
21089,41.75100647,-87.55879775,FALSE
21091,41.75012612,-87.55853259,FALSE
21103,41.75121489,-87.56001463,TRUE
21112,41.74571756,-87.55263347,FALSE
21115,41.74640947,-87.5529396,FALSE
21143,41.74639984,-87.66319092,FALSE
21148,41.74661947,-87.66235704,FALSE
21150,41.75028063,-87.66105177,TRUE
21151,41.74685641,-87.66115063,FALSE
21152,41.74503674,-87.66110334,FALSE
21159,41.74331933,-87.65385537,FALSE
21169,41.74673807,-87.65428501,TRUE
21170,41.74669092,-87.65742162,FALSE
21175,41.74510093,-87.65667102,FALSE
21178,41.7432935,-87.6554918,FALSE
21182,41.74322407,-87.66034943,FALSE
21194,41.75019778,-87.66721977,FALSE
21196,41.74859777,-87.66717891,TRUE
21199,41.74681445,-87.66408018,FALSE
21203,41.74475724,-87.6654147,FALSE
21204,41.75021512,-87.6659241,FALSE
21206,41.74838717,-87.66629718,FALSE
21208,41.74656755,-87.66616672,FALSE
21211,41.75022232,-87.66512881,FALSE
21212,41.74658041,-87.66512051,FALSE
21227,41.74275481,-87.61131345,FALSE
21283,41.74311235,-87.65330593,TRUE
21285,41.74321716,-87.6473757,FALSE
21306,41.74294993,-87.66553498,FALSE
21309,41.73588515,-87.66414272,FALSE
21323,41.73069636,-87.60453122,FALSE
21325,41.73531136,-87.60164856,FALSE
21361,41.73084525,-87.5514218,FALSE
21366,41.73151608,-87.55420367,FALSE
21374,41.73174178,-87.55529253,FALSE
21376,41.7301358,-87.55525653,FALSE
21395,41.73579473,-87.64834638,FALSE
21398,41.72927539,-87.6593704,FALSE
21399,41.72916255,-87.65936698,FALSE
21402,41.73027473,-87.66061571,FALSE
21406,41.73028182,-87.65873821,TRUE
21409,41.73511231,-87.66319456,FALSE
21415,41.73566934,-87.6638259,FALSE
21417,41.73198032,-87.66508752,FALSE
21451,41.72953308,-87.55109725,TRUE
21468,41.72925881,-87.55446844,FALSE
21501,41.72841233,-87.6625187,TRUE
21503,41.72292701,-87.66248595,FALSE
21509,41.72479494,-87.65942738,FALSE
21514,41.72295229,-87.6606842,FALSE
21516,41.72160484,-87.6576769,FALSE
21525,41.72830788,-87.66612685,TRUE
21614,41.70556659,-87.60107403,TRUE
21619,41.70419401,-87.56588098,FALSE
21650,41.70281842,-87.66973274,FALSE
21671,41.69440268,-87.6209382,FALSE
21675,41.69663386,-87.61727191,TRUE
21682,41.69943676,-87.6134094,FALSE
21685,41.6938088,-87.61325771,FALSE
21758,41.69065586,-87.61316691,FALSE
21759,41.68930704,-87.61312751,FALSE
21766,41.69084132,-87.61224927,TRUE
21775,41.69211607,-87.61199587,FALSE
21800,41.69144197,-87.7020068,FALSE
21803,41.68404315,-87.7220268,FALSE
21804,41.68404214,-87.72209072,FALSE
21841,41.67313882,-87.61752533,TRUE
21844,41.67343699,-87.61691596,FALSE
21854,41.67692306,-87.63238792,FALSE
21855,41.67779506,-87.63361033,FALSE
21877,41.81849709,-87.60409363,FALSE
21880,41.81101272,-87.6037806,FALSE
21881,41.81067392,-87.60377372,FALSE
21882,41.81056103,-87.60377143,FALSE
21883,41.80965747,-87.60375229,FALSE
21885,41.80697839,-87.60369608,TRUE
21888,41.80283013,-87.60360398,FALSE
21892,41.8149248,-87.60463481,FALSE
21893,41.81436052,-87.60462338,TRUE
21894,41.81310728,-87.60459402,FALSE
21895,41.81254311,-87.60458253,FALSE
21896,41.81220473,-87.60457532,FALSE
21902,41.80679986,-87.60446287,TRUE
21917,41.80538448,-87.60366186,FALSE
21918,41.80356738,-87.60362199,FALSE
21919,41.81158453,-87.6045627,FALSE
21946,41.75037574,-87.59650668,FALSE
21951,41.79485238,-87.61967424,FALSE
21961,41.793871,-87.64314061,FALSE
21968,41.79347743,-87.67078277,FALSE
22129,41.89111636,-87.62006596,FALSE
22166,41.77109124,-87.63744451,FALSE
22174,41.88369098,-87.76483217,FALSE
22201,41.95354644,-87.72703973,FALSE
22204,41.86589024,-87.7067225,FALSE
22251,41.88110332,-87.76830155,FALSE
22292,41.89476337,-87.76289186,FALSE
22365,41.87167507,-87.71955893,FALSE
22467,41.77184721,-87.68472118,TRUE
22502,41.87666647,-87.76302542,TRUE
22519,41.79168386,-87.6981407,FALSE
22563,41.78226416,-87.61582313,FALSE
22580,41.90739876,-87.69097906,FALSE
22720,41.75670479,-87.61442312,FALSE
22729,41.86674653,-87.72778487,FALSE
22784,41.80316876,-87.61335996,TRUE
22791,41.78478381,-87.58828903,FALSE
22798,41.7727344,-87.57144157,FALSE
22808,41.7579727,-87.55988842,FALSE
22826,41.76705419,-87.63494474,FALSE
22827,41.75875604,-87.63314273,FALSE
22879,41.79077511,-87.61735279,FALSE
22885,41.77271428,-87.70318952,FALSE
22896,41.80139849,-87.60623193,FALSE
22987,41.75257503,-87.64637315,FALSE
23010,41.96659174,-87.72251372,FALSE
23055,41.75675167,-87.56133236,TRUE
23119,41.90140225,-87.73379746,FALSE
23165,41.78542685,-87.64750925,TRUE
23181,41.75338134,-87.66457998,FALSE
23235,41.74155807,-87.71033834,FALSE
23365,41.78284254,-87.6119365,FALSE
23400,41.74498302,-87.66482906,FALSE
23401,41.73951873,-87.64956802,FALSE
23440,41.87414624,-87.74763195,FALSE
23457,41.80888647,-87.62459224,TRUE
23584,41.78804349,-87.69803653,TRUE
23622,41.98900347,-87.65692871,FALSE
23646,41.77336718,-87.57398433,FALSE
23705,41.79047343,-87.66652423,TRUE
23748,41.99590436,-87.69788,FALSE
23788,41.9589861,-87.73031539,FALSE
23877,42.0058037,-87.68181485,FALSE
23903,41.7830579,-87.60613358,FALSE
23920,41.76370011,-87.66389808,FALSE
24011,41.72932764,-87.54441956,FALSE
24016,41.67595697,-87.63206984,FALSE
24049,41.81209385,-87.67128659,FALSE
24067,41.73289305,-87.65553575,FALSE
24075,41.75104382,-87.56485957,TRUE
24097,41.93683796,-87.71624816,FALSE
24190,41.77865789,-87.65554508,TRUE
24232,41.96258287,-87.75717589,FALSE
24259,41.76098202,-87.5970879,TRUE
24265,41.75443891,-87.63988959,TRUE
24286,41.78281308,-87.69944522,FALSE
24380,41.75672567,-87.61319949,FALSE
24447,41.87425034,-87.76145461,FALSE
24467,41.9262577,-87.72452322,FALSE
24482,41.8301448,-87.68651223,FALSE
24510,41.7471895,-87.65258342,TRUE
24564,41.78675049,-87.61593025,FALSE
24575,41.7522968,-87.66263572,FALSE
24582,41.72725798,-87.54671037,FALSE
24710,41.75251276,-87.54879715,TRUE
24788,41.67443218,-87.6151184,FALSE
24807,41.79045759,-87.62412871,TRUE
24809,41.78644277,-87.62077826,FALSE
24880,41.78062426,-87.69694316,FALSE
24895,41.73482718,-87.61193566,FALSE
24898,41.72863396,-87.55360265,FALSE
24905,41.98389726,-87.71148283,FALSE
24942,41.82578264,-87.62470308,FALSE
24971,41.77328532,-87.58100846,FALSE
24976,41.88187976,-87.75864239,TRUE
24986,41.96272457,-87.65945045,FALSE
25066,41.84687015,-87.70525696,TRUE
25115,41.76590576,-87.61029373,FALSE
25117,41.75218042,-87.65570168,TRUE
25176,41.6691521,-87.63666396,FALSE
25191,41.90015121,-87.72393414,FALSE
25219,41.80336049,-87.67441373,FALSE
25232,41.76555262,-87.62682483,TRUE
25235,41.76227926,-87.59103973,TRUE
25238,41.75323042,-87.55421294,FALSE
25251,41.79393828,-87.68224418,FALSE
25255,41.89394326,-87.71734194,FALSE
25301,41.82782869,-87.64496636,FALSE
25312,41.76759916,-87.61740122,FALSE
25326,41.73026502,-87.54454106,FALSE
25335,41.86365998,-87.62261125,FALSE
25454,41.85663266,-87.72254265,FALSE
25481,41.75268338,-87.56489139,FALSE
25491,41.77373747,-87.69291942,TRUE
25547,41.90077642,-87.72366391,TRUE
25575,42.02078295,-87.66664021,FALSE
25581,41.85371165,-87.71135521,TRUE
25604,41.73552477,-87.54594162,FALSE
25665,41.77504094,-87.78242119,FALSE
25671,41.7487383,-87.60531466,FALSE
25682,41.76832896,-87.69053341,FALSE
25687,41.9398811,-87.72824424,FALSE
25690,41.73369535,-87.54715384,FALSE
25744,41.72227107,-87.66041943,FALSE
25751,41.74080334,-87.6056284,TRUE
25752,41.7753262,-87.61565141,FALSE
25846,41.83641772,-87.63975045,TRUE
25917,41.87683316,-87.74994708,TRUE
25924,41.85692139,-87.712861,TRUE
25961,41.7704205,-87.61523773,FALSE
25993,41.81469918,-87.60463022,TRUE
26005,41.77097594,-87.61910926,FALSE
26006,41.7346862,-87.67173825,TRUE
26023,41.76137478,-87.58804935,FALSE
26104,41.75430023,-87.63697085,FALSE
26167,41.74078634,-87.60605683,FALSE
26248,41.74220504,-87.60565471,FALSE
26250,41.75991798,-87.6401341,TRUE
26316,41.76551441,-87.63173585,FALSE
26321,41.86583744,-87.77399645,FALSE
26330,41.86984573,-87.71949707,FALSE
26364,41.69132871,-87.67192597,FALSE
26546,41.78623844,-87.69719004,FALSE
26555,41.74882547,-87.61350542,FALSE
26556,41.74879246,-87.60041095,TRUE
26610,41.77686211,-87.61568906,FALSE
26611,41.73837211,-87.60342571,FALSE
26705,41.79633052,-87.69128496,FALSE
26707,41.72465641,-87.53811771,TRUE
26752,41.77409915,-87.62410771,FALSE
26777,41.7383548,-87.64475308,FALSE
26804,41.86165359,-87.66069299,FALSE
26838,41.74881528,-87.60375307,TRUE
26882,41.78156188,-87.65282172,TRUE
26896,41.87872236,-87.74950298,FALSE
26901,41.91690953,-87.80588291,FALSE
26911,41.77112827,-87.62264628,TRUE
26914,41.8671654,-87.71559118,FALSE
26919,41.78383369,-87.69215685,FALSE
26920,41.77273862,-87.63514866,FALSE
26996,41.7775267,-87.60697771,FALSE
27004,41.95022015,-87.76212595,FALSE
27026,41.77491019,-87.61477312,FALSE
27040,41.86292136,-87.72278664,FALSE
27116,41.83498758,-87.65092087,FALSE
27118,41.73221095,-87.66430776,FALSE
27160,41.87170906,-87.72767363,FALSE
27221,41.77182871,-87.69985817,FALSE
27238,41.95567534,-87.72097262,FALSE
27281,41.80128436,-87.62277782,TRUE
27341,41.75437674,-87.64763186,FALSE
27347,41.85527644,-87.72592286,FALSE
27355,41.76675908,-87.61514002,FALSE
27415,41.86449715,-87.72021097,FALSE
27420,41.92026331,-87.77301105,FALSE
27509,41.81386791,-87.66982036,FALSE
27565,41.9024002,-87.75839872,FALSE
27639,41.7494176,-87.59879072,FALSE
30232,41.8818479,-87.69985008,FALSE
30330,41.88278728,-87.69639486,FALSE
30912,41.88489815,-87.71374606,FALSE
30935,41.88347572,-87.70911138,FALSE
31028,41.88549706,-87.70693252,FALSE
31089,41.88170636,-87.71084682,FALSE
31399,41.88250849,-87.72099134,FALSE
31736,41.88494362,-87.7308494,FALSE
32482,41.88404006,-87.73906148,FALSE
33331,41.88428961,-87.74924546,TRUE
33437,41.88300749,-87.74653511,FALSE
33645,41.88549918,-87.75754983,TRUE
33658,41.88581489,-87.76352395,FALSE
34024,41.88625752,-87.76160411,TRUE
34343,41.88362882,-87.76512373,FALSE
34528,41.88155125,-87.76965663,FALSE
39859,41.89196175,-87.71044663,FALSE
40727,41.89295893,-87.72096867,FALSE
40935,41.89417947,-87.7173489,TRUE
41071,41.89373582,-87.72006921,FALSE
41732,41.8912814,-87.74492259,TRUE
42200,41.89300188,-87.7515985,FALSE
42279,41.8879444,-87.75350984,FALSE
42583,41.89044006,-87.75284217,FALSE
42650,41.89417112,-87.75327348,FALSE
42919,41.89234504,-87.74950116,FALSE
43127,41.88881468,-87.7573991,FALSE
43596,41.89081836,-87.76326068,FALSE
44133,41.89389546,-87.77025437,FALSE
50679,41.89562548,-87.71042526,FALSE
50814,41.90085197,-87.71512698,FALSE
51448,41.89894066,-87.72277385,FALSE
51512,41.89748513,-87.72262727,FALSE
51823,41.90180134,-87.72490735,TRUE
51944,41.89614737,-87.71892222,FALSE
52381,41.90077849,-87.72143247,FALSE
52397,41.90097172,-87.72244606,FALSE
54081,41.89875788,-87.74907381,FALSE
54203,41.9019419,-87.75469013,FALSE
54464,41.90162984,-87.75193668,FALSE
54611,41.89988039,-87.75464008,FALSE
56117,41.896855445999996,-87.77505601,TRUE
56634,41.8957146,-87.76678846,FALSE
56761,41.89826157,-87.76779502,TRUE
62503,41.90489023,-87.69380618,FALSE
64263,41.909382,-87.72300761,FALSE
64510,41.90928666,-87.72513715,TRUE
65026,41.90437133,-87.72377316,FALSE
65423,41.90575049,-87.73391705,TRUE
65608,41.90404046,-87.73140964,FALSE
65734,41.90752356,-87.73604476,FALSE
67097,41.90299661,-87.76026325,FALSE
68361,41.90229628,-87.77279826,FALSE
75371,41.91624908,-87.69941635,FALSE
78251,41.91299036,-87.72750391,FALSE
79422,41.91640711,-87.74717675,FALSE
79576,41.91131063,-87.7488456,FALSE
79710,41.91074176,-87.7525412,FALSE
89753,41.9190189,-87.71557794,FALSE
90199,41.9198531,-87.71210214,FALSE
91243,41.92412123,-87.72568615,FALSE
92730,41.9186219,-87.74388477,FALSE
93549,41.91878424,-87.75260752,FALSE
93585,41.91729168,-87.75446209,FALSE
102043,41.928626,-87.70547057,FALSE
102878,41.92504832,-87.71091627,FALSE
103528,41.92511938,-87.71441648,FALSE
103683,41.9247014,-87.71799921,TRUE
103793,41.92533687,-87.72572304,FALSE
105807,41.92580543,-87.75606159,FALSE
107803,41.92678937,-87.762543,FALSE
110019,41.92525916,-87.80089035,FALSE
116274,41.937461,-87.70237882,FALSE
118059,41.93351409,-87.72347719,TRUE
119130,41.9371044,-87.73122872,FALSE
137157,41.93982766,-87.76178247,FALSE
165241,41.96045463,-87.70196364,FALSE
166131,41.95759042,-87.71685041,FALSE
167904,41.95900414,-87.72869921,FALSE
168048,41.95918514,-87.72952325,FALSE
168466,41.95998298,-87.74735342,FALSE
177230,41.96827376,-87.71503901,FALSE
177578,41.96568131,-87.70991311,FALSE
177847,41.96299776,-87.71815102,FALSE
177910,41.96429111,-87.72287666,FALSE
177920,41.96275981,-87.72332754,FALSE
178817,41.96169414,-87.72927292,FALSE
182446,41.96755228,-87.7765839,FALSE
188172,41.77734118,-87.69293043,FALSE
188519,41.97261698,-87.71367658,FALSE
194281,41.97066501,-87.77842761,FALSE
197327,41.98325023,-87.65991099,FALSE
197397,41.97644174,-87.65796615,FALSE
199613,41.97941409,-87.68935483,FALSE
199634,41.97963359,-87.68935921,FALSE
199724,41.98125191,-87.6921289,FALSE
200313,41.97752303,-87.70076515,FALSE
200919,41.97636333,-87.71248869,FALSE
205203,41.97823367,-87.79160377,FALSE
220315,41.99533693,-87.69941511,FALSE
221413,41.99600907,-87.70793616,FALSE
229758,42.00511533,-87.679433,FALSE
231256,41.99859795,-87.70685287,FALSE
231459,41.99798585,-87.70317667,FALSE
231626,41.99821996,-87.70591494,FALSE
234905,42.00734919,-87.6648689,TRUE
240045,42.01489875,-87.6654355,FALSE
240424,42.0177567,-87.67749937,FALSE
244208,41.9335256,-87.74088927,FALSE
247817,41.87933365,-87.69912661,FALSE
248350,41.87465005,-87.71106277,FALSE
248394,41.87556504,-87.71045815,FALSE
248395,41.87540852,-87.7106791,FALSE
248954,41.8784177,-87.72080891,FALSE
249055,41.87891737,-87.72546178,FALSE
249099,41.875393,-87.72437854,TRUE
249825,41.87532447,-87.72965793,FALSE
249870,41.87872059,-87.72878895,TRUE
249899,41.87867392,-87.73283543,TRUE
250226,41.87985174,-87.72728342,FALSE
250439,41.88039161,-87.74500123,FALSE
251544,41.87665362,-87.74680392,FALSE
252268,41.8740282,-87.7569417,FALSE
252635,41.87921966,-87.75884246,FALSE
256776,41.86727869,-87.70340346,TRUE
257258,41.86744937,-87.70433137,FALSE
257804,41.87256989,-87.71421107,TRUE
257868,41.86715055,-87.7142658,FALSE
258066,41.87098454,-87.7132513,FALSE
258078,41.8709642,-87.71483818,FALSE
258425,41.86979815,-87.7180089,FALSE
258547,41.87251604,-87.7189813,FALSE
259209,41.86990682,-87.72596729,FALSE
259329,41.87257258,-87.73324107,TRUE
259351,41.86718446,-87.72579349,FALSE
259367,41.86715078,-87.72815486,FALSE
259394,41.87332208,-87.72683499,TRUE
260582,41.86721243,-87.77179567,FALSE
260775,41.86559767,-87.77219479,FALSE
263742,41.86241884,-87.70399892,FALSE
263795,41.86414264,-87.70452554,FALSE
263971,41.86336578,-87.70909041,FALSE
263998,41.86342169,-87.70938568,FALSE
264033,41.86224282,-87.71149689,FALSE
264034,41.86217846,-87.71178887,FALSE
264042,41.8623043,-87.71393023,FALSE
264044,41.86306673,-87.7059073,FALSE
264068,41.86300529,-87.71139888,FALSE
264112,41.86589048,-87.71038161,TRUE
264219,41.86399204,-87.70696432,FALSE
264362,41.85989833,-87.71172282,FALSE
264400,41.86091941,-87.71474385,FALSE
264866,41.86128551,-87.72122521,FALSE
264877,41.8648328,-87.72162098,TRUE
265019,41.86027135,-87.72392802,FALSE
265069,41.86435297,-87.71794808,FALSE
265104,41.86188677,-87.71636058,FALSE
265176,41.8601614,-87.71875313,TRUE
266083,41.86070726,-87.73464901,FALSE
269307,41.85407917,-87.66525477,FALSE
271134,41.85561936,-87.68380654,FALSE
272153,41.85313765,-87.70300648,FALSE
272244,41.85467183,-87.70201852,FALSE
272441,41.85360726,-87.69818767,FALSE
272961,41.85590426,-87.70673767,TRUE
273063,41.85407881,-87.71225863,FALSE
273076,41.85890615,-87.71291418,TRUE
273133,41.85424576,-87.71107526,TRUE
273139,41.85347615,-87.71105293,FALSE
273199,41.85344419,-87.70965758,FALSE
273893,41.85727109,-87.71748358,FALSE
274176,41.85439735,-87.72218049,FALSE
274188,41.8576724,-87.72257344,FALSE
274922,41.85779854,-87.72600127,FALSE
276847,41.8487165,-87.67589957,FALSE
278046,41.84837631,-87.69514838,FALSE
278508,41.84626839,-87.69540815,FALSE
278606,41.84872362,-87.69914686,TRUE
278866,41.85042749,-87.70168192,FALSE
279690,41.84671586,-87.71348587,FALSE
279964,41.85086989,-87.70659144,FALSE
281851,41.84915283,-87.73057303,FALSE
282642,41.84047416,-87.63401246,FALSE
284078,41.84238199,-87.64002303,FALSE
285160,41.83925905,-87.64769942,FALSE
286517,41.83908133,-87.70868788,TRUE
289229,41.83733165,-87.73301418,TRUE
290389,41.83177824,-87.61948973,FALSE
292344,41.8330656,-87.65360646,FALSE
293047,41.83186751,-87.64768761,FALSE
293881,41.83503452,-87.66582286,TRUE
295469,41.83517807,-87.70490856,FALSE
298020,41.82800818,-87.64009249,TRUE
299118,41.82758967,-87.66895808,FALSE
300251,41.82960301,-87.67870061,FALSE
302606,41.81873868,-87.62131915,FALSE
302672,41.81741132,-87.62319895,FALSE
304065,41.81948769,-87.6020422,FALSE
304206,NA,NA,TRUE
307581,41.81012694,-87.61802776,FALSE
307635,41.81041312,-87.62138852,TRUE
307727,41.81603604,-87.61692296,FALSE
307853,41.81177249,-87.61807415,FALSE
308788,41.81225359,-87.61441279,FALSE
309133,41.80971058,-87.60048473,FALSE
309471,41.81091729,-87.5937036,FALSE
309493,41.81114218,-87.59436541,FALSE
310683,41.80978565,-87.63913697,TRUE
311143,41.81022959,-87.6405604,TRUE
311238,41.81207764,-87.66369914,TRUE
311703,41.81272736,-87.67130153,FALSE
312005,41.81495203,-87.66984749,FALSE
312019,41.81347332,-87.66981027,FALSE
312102,41.81080556,-87.67003696,FALSE
312706,41.80977915,-87.69317456,FALSE
317729,41.80523329,-87.61790247,FALSE
318563,41.80324435,-87.60863579,FALSE
319930,41.80786538,-87.64421632,FALSE
321259,41.80554832,-87.65744774,FALSE
321289,41.80576995,-87.65774662,TRUE
321848,41.80336638,-87.65610714,FALSE
322186,41.80525961,-87.66716645,FALSE
322230,41.80565056,-87.66746952,FALSE
322254,41.80172388,-87.66736991,FALSE
322513,41.80686153,-87.66796172,FALSE
327784,41.79629213,-87.62073895,FALSE
327844,41.79680353,-87.62266795,FALSE
329291,41.79666617,-87.63290603,FALSE
331545,41.79620581,-87.66206594,FALSE
331989,41.80057934,-87.67434633,TRUE
332087,41.79498488,-87.66810845,TRUE
332115,41.79806699,-87.66848828,TRUE
332228,41.79630238,-87.67087044,FALSE
332387,41.79676769,-87.66694185,FALSE
332544,41.79610779,-87.67329643,FALSE
332554,41.79403884,-87.67313996,TRUE
332598,41.79918198,-87.6718738,FALSE
332623,41.79724659,-87.67211139,FALSE
333946,41.79507199,-87.68731193,FALSE
335308,41.79370492,-87.69916505,TRUE
336053,41.79704692,-87.7043618,FALSE
338000,41.79675457,-87.72340922,FALSE
339122,41.79988265,-87.7430975,FALSE
344237,41.79169057,-87.61766558,FALSE
344371,41.78895639,-87.62379401,TRUE
346139,41.79143935,-87.63276758,FALSE
347102,41.79004776,-87.64640903,TRUE
347161,41.78838586,-87.6533628,FALSE
347450,41.78748071,-87.6487765,TRUE
347930,41.79281795,-87.66440663,FALSE
348092,41.78883475,-87.65610097,FALSE
348307,41.7921606,-87.66001528,FALSE
348454,41.79060042,-87.65727224,FALSE
349538,41.78866608,-87.66532417,FALSE
359933,41.78351406,-87.62040817,FALSE
359971,41.78624692,-87.62210008,FALSE
360012,41.78736931,-87.61859498,FALSE
360046,41.78338477,-87.61584816,FALSE
360399,41.78383977,-87.61342913,TRUE
360407,41.78270293,-87.61340543,FALSE
360466,41.78392319,-87.60831042,FALSE
360620,41.78342309,-87.6110179,TRUE
360633,41.78202738,-87.61140975,FALSE
360668,41.78353633,-87.61463885,FALSE
361172,41.78312777,-87.59485158,FALSE
361484,41.78428609,-87.62914864,TRUE
362998,41.78221044,-87.65350115,TRUE
363096,41.78248616,-87.64986106,FALSE
363164,41.78395928,-87.65446635,FALSE
363276,41.78318118,-87.651373,TRUE
363732,41.78330897,-87.64624564,FALSE
364287,41.78072668,-87.66196695,FALSE
364731,41.78168397,-87.66289401,FALSE
364946,41.78546455,-87.67392072,FALSE
365047,41.78069204,-87.66803131,FALSE
366340,41.78461447,-87.68467064,FALSE
366370,41.77978726,-87.68473102,FALSE
366490,41.78039459,-87.68597395,FALSE
366743,41.78476795,-87.68891538,FALSE
366762,41.7815526,-87.688734,TRUE
366967,41.78630826,-87.6930255,FALSE
367574,41.78614409,-87.7029469,FALSE
368023,41.77916626,-87.69744813,FALSE
370101,41.77882291,-87.71912222,FALSE
373151,41.78029485,-87.76318374,FALSE
373224,41.77820867,-87.7701392,FALSE
374080,41.77780886,-87.77998612,FALSE
375793,41.77394307,-87.62166894,FALSE
375846,41.77893696,-87.61574237,FALSE
375853,41.77748311,-87.61570383,FALSE
375854,41.77651062,-87.61567986,FALSE
375859,41.77543904,-87.61565395,FALSE
375916,41.77862036,-87.61573555,FALSE
375917,41.77848515,-87.61573102,FALSE
376088,41.77792567,-87.61300659,FALSE
376104,41.77644602,-87.6129829,TRUE
376298,41.77392536,-87.60809524,TRUE
376346,41.77361281,-87.61292355,FALSE
376521,41.77888281,-87.6106221,TRUE
376522,41.778419,-87.610612,FALSE
376683,41.77727952,-87.61448671,FALSE
377162,41.77768694,-87.60053965,FALSE
377169,41.77634239,-87.60111891,FALSE
377171,41.77611666,-87.60111365,FALSE
377997,41.77525518,-87.58930837,FALSE
378057,41.77593415,-87.59051159,FALSE
378099,41.7741193,-87.58869229,FALSE
378526,41.77297437,-87.6347166,FALSE
378571,41.77465483,-87.62929782,FALSE
379442,41.77302659,-87.65175292,FALSE
379944,41.77519578,-87.64695199,FALSE
380157,41.77796071,-87.65033157,FALSE
380158,41.77790847,-87.65405767,FALSE
380519,41.77517329,-87.6603062,FALSE
380599,41.7783751,-87.65553778,FALSE
380792,41.77413255,-87.66178263,TRUE
380868,41.77237022,-87.65931344,FALSE
381395,41.77832812,-87.67041586,FALSE
381904,41.77517322,-87.66883399,TRUE
381996,41.77411366,-87.66474985,FALSE
383008,41.77916282,-87.6770312,FALSE
383223,41.77875702,-87.68470154,TRUE
383264,41.77207194,-87.68443742,FALSE
383280,41.77752814,-87.68505751,FALSE
383335,41.77519215,-87.69314408,FALSE
383337,41.77412416,-87.69311835,FALSE
383356,41.77726045,-87.68588414,FALSE
383911,41.77734976,-87.69237616,FALSE
384528,41.77739287,-87.69416327,TRUE
384559,41.77838284,-87.69473574,FALSE
384850,41.77558344,-87.69953964,FALSE
384911,41.77738065,-87.6948834,FALSE
385732,41.77538477,-87.70604404,FALSE
386245,41.77328071,-87.7104237,FALSE
390390,41.75188897,-87.5941377,TRUE
392309,41.76798813,-87.62003115,FALSE
392638,41.7709696,-87.61943671,TRUE
392687,41.76746173,-87.62395687,FALSE
393265,41.76614348,-87.61179363,FALSE
393372,41.77012203,-87.61068245,FALSE
393611,41.77292749,-87.61168847,TRUE
393751,41.7664162,-87.58960736,FALSE
393801,41.76771148,-87.59118597,FALSE
393822,41.77137919,-87.58867284,FALSE
393982,41.77251749,-87.58808525,FALSE
393991,41.77158424,-87.59020368,FALSE
393999,41.76862687,-87.59098285,TRUE
394403,41.76843689,-87.58455026,FALSE
394478,41.76964557,-87.58272579,FALSE
394903,41.77154226,-87.57456817,FALSE
394936,41.77069729,-87.57004419,FALSE
394961,41.7688086,-87.57622508,FALSE
395070,41.7697402,-87.57199159,FALSE
395077,41.76874086,-87.57162297,FALSE
395257,41.7686731,-87.628107,FALSE
395467,41.76794077,-87.63242981,TRUE
395570,41.76726524,-87.63548002,FALSE
395616,41.7704205,-87.6430546,FALSE
395884,41.76827569,-87.6385835,FALSE
395898,41.76544083,-87.63850211,TRUE
396710,41.77043788,-87.64925556,FALSE
396746,41.77068809,-87.6497218,FALSE
396847,41.7709892,-87.64713135,FALSE
396940,41.76734226,-87.64796366,FALSE
396986,41.77051352,-87.64657743,FALSE
397962,41.76675862,-87.6543899,FALSE
398075,41.77058686,-87.65675286,FALSE
398390,41.76752605,-87.65432649,TRUE
398612,41.76728974,-87.6673796,FALSE
398857,41.76913216,-87.66529491,TRUE
399730,41.76642349,-87.6821305,TRUE
400093,41.76763445,-87.67440609,FALSE
400507,41.77113486,-87.68449508,FALSE
400535,41.76661603,-87.68395009,FALSE
400626,41.76724855,-87.68561003,FALSE
400638,41.77132129,-87.68601098,FALSE
400713,41.76834681,-87.68939726,FALSE
400807,41.77179608,-87.68810083,FALSE
401028,41.76818975,-87.68563684,FALSE
401113,41.7718338,-87.68563505,FALSE
404659,41.76160016,-87.61047612,FALSE
404685,41.75859417,-87.61031923,FALSE
404776,41.76563456,-87.61332147,TRUE
404783,41.76401976,-87.61378553,FALSE
404784,41.764039,-87.61274361,FALSE
404816,41.7586718,-87.60648505,FALSE
404866,41.75929435,-87.61499648,FALSE
405497,41.76303486,-87.59714012,FALSE
405916,41.76200027,-87.59073919,FALSE
406251,41.76405617,-87.59517707,FALSE
406407,41.75977834,-87.58710589,FALSE
406639,41.76476649,-87.5794867,FALSE
407104,41.76079362,-87.57725397,FALSE
407244,41.76039648,-87.57478714,FALSE
407415,41.75905418,-87.57033757,FALSE
407426,41.7655895,-87.57243229,FALSE
407668,41.76423534,-87.57523817,FALSE
408048,41.76311643,-87.56498649,TRUE
408116,41.760150436000004,-87.56625132,TRUE
408516,41.76309808,-87.62796362,FALSE
408557,41.76354544,-87.62826668,TRUE
408635,41.75917109,-87.63192093,FALSE
408682,41.76134625,-87.63441965,FALSE
408684,41.76106435,-87.63441278,TRUE
408706,41.75946957,-87.6305893,FALSE
408732,41.76471961,-87.6298991,FALSE
409193,41.76279405,-87.64017486,FALSE
409227,41.76415317,-87.63692676,TRUE
409230,41.76361583,-87.63626756,TRUE
409410,41.75966737,-87.64216744,FALSE
410151,41.76235269,-87.64661821,TRUE
410253,41.76319534,-87.65392057,FALSE
410410,41.76340897,-87.64986961,FALSE
412431,41.76110299,-87.66922233,FALSE
413442,41.76331923,-87.6928495,TRUE
416304,41.75665252,-87.61734542,FALSE
416534,41.75276146,-87.61895715,FALSE
418214,41.75669785,-87.60274177,FALSE
418292,41.75154074,-87.60049114,FALSE
419458,41.75455604,-87.58323572,FALSE
420604,41.75260686,-87.56639256,FALSE
420645,41.75175458,-87.57297861,FALSE
420996,41.75346201,-87.55715814,FALSE
421044,41.75431687,-87.56158086,FALSE
421104,41.75269738,-87.56397026,FALSE
421267,41.75677165,-87.55986489,FALSE
421279,41.75342595,-87.55979997,FALSE
421290,41.75770448,-87.56017685,FALSE
421327,41.75727939,-87.56603151,FALSE
421341,41.75476454,-87.5661457,FALSE
421368,41.75479271,-87.56401255,FALSE
421573,41.75685646,-87.55528256,FALSE
421721,41.75434966,-87.55077193,FALSE
421722,41.75417944,-87.55058938,FALSE
421797,41.7526003,-87.55350402,FALSE
421813,41.75620051,-87.55238673,FALSE
421870,41.75820149,-87.55631465,FALSE
421942,41.75356166,-87.55669067,FALSE
421954,41.75378494,-87.55642881,TRUE
422099,41.75797883,-87.63383443,FALSE
422165,41.75802987,-87.63054311,FALSE
422391,41.75472687,-87.63576356,FALSE
422527,41.75168789,-87.64026022,FALSE
422609,41.7564279,-87.63854687,FALSE
423008,41.75427994,-87.65172434,FALSE
423121,41.75248241,-87.65009342,TRUE
423405,41.7513361,-87.6490577,TRUE
423454,41.75639937,-87.64676377,TRUE
423937,41.75237561,-87.65732579,FALSE
424179,41.75241133,-87.65485907,FALSE
424213,41.75591146,-87.65659338,FALSE
424228,41.75616236,-87.65511386,FALSE
424246,41.75411641,-87.66259696,FALSE
424527,41.75384332,-87.66668861,FALSE
424689,41.75562455,-87.67004093,FALSE
424760,41.75227606,-87.66413227,TRUE
425282,41.75381654,-87.66903073,FALSE
425295,41.7503958,-87.66889587,TRUE
428186,41.75490985,-87.72952576,FALSE
429055,41.7453854,-87.62108714,FALSE
429298,41.75088485,-87.62313926,FALSE
429691,41.74928187,-87.60896205,FALSE
429823,41.74849717,-87.6062267,FALSE
430273,41.74564262,-87.60790064,FALSE
430274,41.74568643,-87.60531108,FALSE
430667,41.75076682,-87.60288942,FALSE
430685,41.74755912,-87.60279634,TRUE
430690,41.74482769,-87.60272315,FALSE
430704,41.74962304,-87.60005826,TRUE
430733,41.748622,-87.6004065,FALSE
430748,41.74491118,-87.60029948,FALSE
430804,41.74546117,-87.60152911,FALSE
430821,41.74967934,-87.60377691,FALSE
430845,41.74419201,-87.603624,FALSE
430926,41.74941977,-87.59842687,TRUE
432215,41.74646592,-87.57816688,FALSE
432957,41.74606517,-87.57393101,FALSE
433342,41.75157599,-87.5712511,FALSE
433662,41.74690153,-87.56844687,FALSE
433772,41.75014695,-87.55706774,FALSE
433895,41.75098065,-87.56364817,FALSE
433930,41.75097102,-87.56394118,FALSE
433944,41.74801264,-87.56414365,FALSE
434071,41.7487532,-87.55754756,FALSE
434937,41.74634816,-87.55415296,FALSE
435057,41.7453833,-87.5504944,FALSE
435060,41.74521417,-87.55049098,FALSE
435068,41.75128209,-87.55516329,FALSE
435241,41.74609144,-87.54807993,FALSE
435691,41.74496192,-87.54441958,FALSE
435783,41.74908566,-87.63327514,FALSE
436763,41.74785706,-87.64166804,FALSE
437162,41.74739816,-87.64986799,TRUE
437213,41.74705488,-87.65015171,FALSE
438096,41.74870554,-87.65919141,FALSE
438129,41.74997644,-87.6599367,FALSE
438287,41.75026183,-87.66228646,FALSE
438352,41.74482489,-87.66047189,FALSE
438617,41.74851291,-87.65746933,FALSE
438630,41.74506344,-87.65926409,FALSE
439015,41.74954578,-87.67296638,FALSE
439069,41.74965585,-87.66691771,FALSE
439293,41.74499507,-87.66395209,FALSE
439338,41.74558803,-87.66467708,FALSE
439439,41.74475111,-87.66595577,FALSE
439548,41.74896549,-87.67203747,FALSE
446696,41.74295207,-87.6051517,FALSE
446789,41.74315626,-87.61456112,FALSE
447357,41.74319719,-87.60029496,TRUE
447435,41.73792265,-87.6013639,FALSE
447494,41.74256829,-87.60392468,TRUE
448854,41.74231185,-87.58268232,FALSE
449010,41.74342459,-87.58401369,FALSE
450288,41.73847823,-87.5610211,FALSE
450699,41.73862203,-87.55859696,FALSE
451005,41.74440419,-87.56207656,TRUE
451046,41.74416071,-87.55654534,FALSE
451282,41.73763196,-87.56100905,FALSE
451306,41.74222451,-87.54857575,FALSE
451657,41.74269985,-87.55501856,TRUE
452161,41.74381135,-87.54439433,FALSE
452245,41.74282343,-87.5455826,FALSE
452765,41.73898896,-87.63778639,FALSE
453569,41.74156485,-87.64945375,FALSE
453576,41.73977726,-87.64621624,FALSE
454190,41.73764335,-87.65474849,FALSE
454400,41.74115687,-87.65576879,FALSE
454434,41.74257617,-87.65609931,FALSE
458691,41.73478409,-87.7297804,FALSE
461054,41.73458847,-87.60491949,FALSE
462093,41.73465542,-87.6046279,FALSE
462148,41.72974092,-87.60291805,TRUE
462319,41.73566789,-87.60186122,FALSE
465900,41.73289141,-87.54714393,FALSE
465919,41.7373589,-87.54598126,FALSE
465920,41.73704937,-87.54597552,FALSE
465926,41.73643017,-87.54596364,FALSE
466119,41.7320169,-87.55421448,FALSE
466135,41.73704626,-87.55265912,FALSE
466136,41.73698975,-87.55265831,FALSE
466472,41.73581085,-87.54594959,FALSE
468274,41.73538998,-87.65226176,FALSE
468916,41.72984452,-87.65909422,FALSE
469206,41.73324204,-87.65797844,FALSE
470074,41.73198916,-87.66445916,FALSE
472444,41.72872576,-87.6044853,FALSE
472475,41.72610958,-87.60341579,FALSE
472773,41.72765543,-87.60374187,TRUE
475184,41.72644976,-87.55765284,FALSE
475562,41.72948251,-87.55520084,FALSE
475742,41.72655223,-87.54921821,FALSE
478453,41.72765149,-87.6568964,FALSE
484686,41.72012337,-87.53664268,FALSE
484829,41.72107641,-87.53635208,FALSE
484957,41.71739345,-87.53422328,FALSE
485145,41.71882857,-87.64299481,FALSE
486966,41.72131353,-87.64624635,TRUE
489737,41.71343981,-87.62187682,FALSE
489767,41.71253745,-87.62228435,FALSE
494453,41.70711505,-87.63603685,FALSE
500251,41.70276848,-87.60487852,TRUE
510020,41.6980507,-87.61701953,TRUE
510702,41.69396835,-87.61326218,FALSE
510745,41.69369471,-87.61203698,TRUE
510780,41.69340052,-87.61232172,TRUE
511208,41.70083984,-87.53784663,TRUE
513435,41.69266063,-87.62594006,FALSE
515345,41.69910206,-87.66070726,FALSE
516257,41.69315394,-87.66893482,FALSE
516607,41.69445854,-87.68109495,TRUE
520136,41.69189868,-87.61946928,FALSE
520297,41.69034163,-87.61835608,FALSE
520755,41.68953074,-87.60699276,FALSE
520939,41.68829812,-87.61309847,FALSE
524990,41.68562834,-87.66081179,FALSE
528768,41.6838706,-87.6147549,TRUE
529129,41.67817978,-87.61984861,FALSE
529991,41.68088032,-87.62383692,FALSE
530196,41.67888603,-87.62974672,FALSE
531490,41.68163214,-87.63548257,FALSE
532053,41.6783086,-87.64543546,FALSE
533294,41.6796887,-87.65307424,FALSE
534935,41.67370499,-87.61754118,FALSE
535153,41.67793409,-87.62138761,FALSE
535236,41.67365466,-87.61704733,TRUE
535237,41.67365999,-87.61668171,FALSE
535238,41.67366429,-87.61638924,FALSE
535239,41.67366864,-87.61609677,FALSE
535240,41.67367416,-87.61573118,FALSE
535244,41.67432729,-87.61618584,FALSE
536635,41.6772234,-87.64053932,TRUE
540537,41.66841082,-87.63572845,FALSE
540751,41.66615838,-87.63656747,FALSE
541072,41.65744966,-87.61291409,FALSE
543051,41.65274197,-87.54942894,FALSE
543087,41.65205676,-87.54488711,TRUE
545488,41.80351078,-87.60362008,FALSE
548763,41.79377886,-87.6484587,TRUE
554963,41.7546866,-87.55496472,FALSE
567754,41.75064862,-87.65092232,FALSE
570633,41.95540525,-87.69965552,FALSE
634714,41.67469008,-87.64051484,FALSE
663742,41.98388604,-87.65534235,FALSE
663754,41.984483,-87.65536322,FALSE
664376,41.75151187,-87.59412974,FALSE
665455,41.75017565,-87.55497822,FALSE
670388,41.89365563,-87.72456679,FALSE
670434,41.78001222,-87.66408722,FALSE