PROPERTY.GROUP,LATITUDE,LONGITUDE
1075,41.8837223,-87.64873046
1234,41.88532364,-87.66144297
1400,41.8843052,-87.69652347
1406,41.88765104,-87.70451517
1423,41.8827673,-87.69825995
1435,41.88668068,-87.70643739
1443,41.88108116,-87.70624412
1454,41.88084148,-87.72090219
1516,41.88338349,-87.73317251
1519,41.88259572,-87.73077836
1525,41.88329418,-87.73693718
1530,41.88199282,-87.73566389
1543,41.88178632,-87.73831162
1556,41.88050359,-87.75002874
1558,41.88141955,-87.75035623
1560,41.88275606,-87.75407659
1563,41.88376408,-87.75259678
1564,41.88046711,-87.75276814
1576,41.88160433,-87.75320013
1581,41.88184588,-87.75148579
1582,41.88184022,-87.75194095
1584,41.88316966,-87.75092555
1589,41.88307452,-87.76480915
1591,41.88506705,-87.76488716
1592,41.88579587,-87.76491244
1593,41.88667766,-87.76494469
1595,41.88683772,-87.75667244
1607,41.8806542,-87.75888925
1609,41.88063704,-87.76027866
1611,41.88301869,-87.76036256
1619,41.8818367,-87.76174063
1621,41.88406381,-87.76182057
1625,41.88670566,-87.76326344
1628,41.88502487,-87.7634994
1629,41.8852003,-87.76350564
1630,41.88543233,-87.76351197
1632,41.88628625,-87.76354215
1635,41.88215569,-87.763339
1638,41.88483494,-87.76487868
1639,41.88637051,-87.76190191
1645,41.88538247,-87.77467972
1650,41.88138748,-87.76504291
1653,41.88390856,-87.76513491
1654,41.88430602,-87.76515191
1655,41.88579153,-87.76520617
1663,41.88330656,-87.77317993
1664,41.88510283,-87.7732378
1674,41.88363584,-87.77205264
1678,41.88601486,-87.77010858
1684,41.88176656,-87.76670625
1685,41.8823147,-87.76672579
1686,41.88274672,-87.76674199
1689,41.88145129,-87.76831503
1690,41.88206677,-87.76922215
1698,41.8822899,-87.76896791
1722,41.88454011,-87.62430852
1825,41.88729071,-87.62469528
1875,41.88755787,-87.62815307
1938,41.89016137,-87.62884924
2036,41.89613412,-87.6565956
2055,41.89097851,-87.65662838
2214,41.89114061,-87.66203545
2483,41.89018676,-87.70581049
2490,41.89539877,-87.71121631
2493,41.88944778,-87.71506703
2499,41.89102283,-87.71115585
2527,41.89192049,-87.74555147
2528,41.89231802,-87.74556872
2537,41.89394098,-87.74604848
2542,41.88868799,-87.76500812
2543,41.88938364,-87.76503865
2545,41.893025,-87.76517589
2553,41.88899721,-87.76191046
2567,41.89014671,-87.76352628
2571,41.88856062,-87.7747809
2574,41.89391457,-87.77488454
2584,41.88803454,-87.77165961
2586,41.89394034,-87.77207574
2589,41.89035802,-87.76792526
2686,41.89338887,-87.6277024
2739,41.89326515,-87.62181212
2969,41.8982271,-87.62731078
2971,41.8968073,-87.62670546
3169,41.90300504,-87.66570654
3577,41.89792131,-87.69661302
3676,41.89855187,-87.6894982
3748,41.89932699,-87.69693873
3762,41.90268746,-87.71015342
3787,41.90232584,-87.7191301
3800,41.89951117,-87.72606207
3814,41.89705379,-87.72866161
3841,41.89851993,-87.75112585
3844,41.90011357,-87.746069
3845,41.89947836,-87.74667939
3882,41.90178912,-87.77186286
3921,41.90009663,-87.62535934
4027,41.90065231,-87.63419241
4081,41.90382818,-87.62890822
4094,41.90323618,-87.63220582
4097,41.90188637,-87.63300508
4100,41.90193588,-87.63341002
4177,41.90659829,-87.62862586
4198,41.90456512,-87.62985774
4208,41.90714922,-87.62993696
4357,41.90892604,-87.63478764
4422,41.9073099,-87.63953933
4459,41.90587736,-87.63857659
4467,41.90694652,-87.64074187
4476,41.90563968,-87.63910431
4511,41.90603827,-87.64829172
4619,41.90748303,-87.66288636
4748,41.90977371,-87.67674795
4832,41.9101316,-87.67758957
4990,41.90829257,-87.69221968
4996,41.90740311,-87.69068524
5059,41.90304313,-87.69584092
5087,41.90562859,-87.71134176
5128,41.90473388,-87.71047711
5137,41.9098353,-87.70714757
5197,41.90545564,-87.72841459
5203,41.90786477,-87.73396821
5241,41.90227453,-87.76397592
5247,41.90911404,-87.75703579
5261,41.90931569,-87.76165112
5868,41.91232995,-87.7020798
5891,41.91026783,-87.70372933
5983,41.91001905,-87.71882921
6009,41.91696685,-87.73335306
6035,41.90994878,-87.72978245
6084,41.91247343,-87.74669389
6090,41.90955748,-87.76551028
6096,41.90965803,-87.75948399
6097,41.9095751,-87.76162873
6099,41.90970961,-87.764374
6120,41.90938315,-87.77398969
6121,41.91109302,-87.76563076
6124,41.91482043,-87.77555967
6155,41.91918059,-87.63674525
6161,41.92112362,-87.63793673
6293,41.92323642,-87.64546116
6399,41.9199735,-87.65600393
6484,41.92383827,-87.66728675
6706,41.92381304,-87.69724202
6721,41.92196925,-87.69261763
6878,41.92419242,-87.70735082
6940,41.91753085,-87.71937389
6943,41.92095878,-87.72314793
6955,41.92439735,-87.72509437
7043,41.92404334,-87.75279509
7078,41.92302413,-87.79874259
7081,41.92363866,-87.80459805
7190,41.93103864,-87.64393564
7191,41.93140752,-87.64415515
7204,41.92840193,-87.64227493
7215,41.93249938,-87.64138408
7219,41.92568935,-87.64081666
7260,41.92826914,-87.64078108
7384,41.93011044,-87.65391981
7582,41.92916393,-87.70721389
7648,41.93191965,-87.70799052
7650,41.93162153,-87.71004354
7651,41.93157946,-87.71129632
7739,41.92785698,-87.72305441
7749,41.92469287,-87.72173766
7819,41.92438378,-87.73914434
7840,41.92913895,-87.75618703
7854,41.92815931,-87.75644498
7856,41.92963043,-87.75650017
7858,41.93088544,-87.75654846
7917,41.93774782,-87.6476164
7942,41.93989938,-87.64733232
7944,41.93989442,-87.6477084
7945,41.93988318,-87.64838804
7991,41.93490353,-87.64437265
8034,41.93300718,-87.64003464
8042,41.93293836,-87.64349303
8044,41.9328682,-87.64702222
8066,41.93544037,-87.64254384
8110,41.93421883,-87.6402426
8139,41.93668048,-87.64083719
8159,41.93364685,-87.64479876
8237,41.93452095,-87.65654794
8310,41.93453764,-87.65164667
8383,41.93686191,-87.66494956
8417,41.93859795,-87.66695445
8493,41.93580449,-87.67960024
8509,41.93224543,-87.69020501
8549,41.93587259,-87.70003495
8601,41.93192434,-87.71238139
8654,41.93800031,-87.72170614
8703,41.93174257,-87.7390333
8723,41.93326885,-87.75663613
8820,41.94634346,-87.64474554
8886,41.94356504,-87.64563223
8898,41.94374301,-87.64836079
8911,41.94170939,-87.64777869
9053,41.94384895,-87.64952878
9121,41.94211948,-87.65402806
9257,41.94683164,-87.663862
9426,41.94654253,-87.70391868
9466,41.94613052,-87.72019798
9468,41.94621618,-87.72264779
9477,41.94084633,-87.7269516
9481,41.94275782,-87.72714692
9509,41.94039066,-87.72736676
9510,41.94048917,-87.72737013
9512,41.94074663,-87.72907882
9514,41.94075084,-87.72876315
9518,41.93904798,-87.74672794
9540,41.93933877,-87.74702542
9548,41.94234795,-87.74835156
9589,41.94989211,-87.64942196
9590,41.94903213,-87.64605909
9689,41.95362391,-87.6546675
9696,41.95211386,-87.65190207
9889,41.94708325,-87.66871328
9953,41.94771187,-87.67584615
9986,41.94685852,-87.68710776
10019,41.95076706,-87.70807726
10028,41.95288997,-87.7274466
10052,41.94802286,-87.72759442
10072,41.94625943,-87.74536129
10087,41.95309037,-87.76550115
10116,41.95794015,-87.64965206
10127,41.95757266,-87.64640261
10172,41.95596594,-87.65060053
10174,41.95555099,-87.65303028
10178,41.9612508,-87.65103406
10185,41.96045561,-87.65236423
10195,41.96118352,-87.65617409
10199,41.95758244,-87.65636944
10210,41.96170384,-87.65195168
10435,41.95740958,-87.70704985
10456,41.95467446,-87.69963195
10487,41.95699424,-87.7140877
10494,41.96006135,-87.71447799
10498,41.95759891,-87.71317811
10518,41.96099495,-87.71505149
10546,41.95925786,-87.72598354
10559,41.95386188,-87.71859049
10589,41.95374332,-87.72925407
10591,41.95365161,-87.73529008
10631,41.95512766,-87.74802272
10643,41.95441325,-87.75091453
10658,41.96051814,-87.75499349
10662,41.95414263,-87.7487505
10666,41.96042258,-87.76312416
10667,41.95321484,-87.77174633
10668,41.95314406,-87.77692528
10670,41.95321908,-87.77908127
10685,41.96258577,-87.65396249
10709,41.96425147,-87.65690248
10717,41.96223938,-87.65837209
10719,41.96628369,-87.65349141
10747,41.96879479,-87.65466956
10765,41.96226388,-87.65460801
10767,41.96482781,-87.6546342
10797,41.96534626,-87.6530344
10801,41.9655623,-87.65326284
10804,41.96439271,-87.65121896
10815,41.96653405,-87.6514038
10830,41.96723438,-87.66398597
10843,41.96822518,-87.66445535
10848,41.96859948,-87.66729349
10870,41.96708739,-87.65972052
10885,41.96224166,-87.66112338
10896,41.96505073,-87.6622635
10897,41.96542954,-87.66229212
10919,41.96787099,-87.659807
10925,41.96521193,-87.66326006
10962,41.96433232,-87.6707587
11039,41.96342405,-87.68499079
11040,41.96502529,-87.68571064
11081,41.96488275,-87.69109054
11116,41.9647072,-87.69361927
11151,41.9657023,-87.70751119
11153,41.96290895,-87.70784829
11165,41.96803114,-87.70738989
11172,41.96676625,-87.70496704
11175,41.96133527,-87.69954285
11177,41.96134521,-87.70061499
11180,41.96130732,-87.70633501
11248,41.96284176,-87.71351029
11266,41.96152751,-87.71574799
11272,41.96464227,-87.71343879
11278,41.96183967,-87.72063711
11279,41.96181531,-87.72230203
11290,41.96105616,-87.7227835
11291,41.96272701,-87.7224063
11294,41.96814213,-87.72702896
11295,41.96115109,-87.72027193
11307,41.96822961,-87.71899034
11319,41.96659941,-87.72167817
11330,41.96112751,-87.72223919
11337,41.96231465,-87.73149156
11343,41.96425588,-87.7347474
11358,41.96762072,-87.74543902
11365,41.96111763,-87.75472131
11373,41.96071503,-87.75693512
11409,41.97323236,-87.65287396
11413,41.97319167,-87.65566879
11447,41.97203776,-87.65614896
11460,41.96916138,-87.657668
11471,41.97283849,-87.65477043
11479,41.97440008,-87.65510653
11486,41.97542646,-87.65272708
11489,41.97540545,-87.65420141
11499,41.97273795,-87.6578677
11502,41.97453,-87.65791555
11510,41.9691991,-87.64979282
11518,41.97272151,-87.66374634
11519,41.97271656,-87.66408598
11579,41.97119761,-87.66095331
11666,41.97485761,-87.67770601
11698,41.9688869,-87.67762523
11833,41.97033488,-87.71112064
11841,41.96853361,-87.71473929
11855,41.97098232,-87.70869313
11856,41.97132014,-87.70869976
11902,41.97001876,-87.72219582
11911,41.97024058,-87.72203175
11920,41.9720729,-87.72677748
11950,41.96841666,-87.72206578
12036,41.98174291,-87.65675495
12070,41.98154698,-87.65498348
12093,41.97757464,-87.65799441
12237,41.97778167,-87.69498985
12286,41.97797539,-87.69271806
12293,41.9784607,-87.69699951
12298,41.97820926,-87.69671159
12316,41.98266483,-87.71143014
12319,41.98107946,-87.71389688
12320,41.98133794,-87.71383304
12360,41.97760567,-87.84632108
12378,41.98717182,-87.65951282
12395,41.98468273,-87.65649797
12401,41.98826932,-87.65661199
12413,41.98689781,-87.65686211
12417,41.98821157,-87.65690457
12421,41.98973321,-87.65695125
12432,41.9856411,-87.65538854
12435,41.98692712,-87.65543537
12457,41.9858547,-87.65823215
12464,41.98431796,-87.65788863
12474,41.98452355,-87.66929557
12541,41.98513128,-87.66275932
12544,41.98729388,-87.66661913
12572,41.98436979,-87.67214112
12595,41.98346923,-87.69544876
12596,41.98407993,-87.69649183
12607,41.98327727,-87.68950947
12647,41.9855462,-87.711244
12652,41.98657761,-87.71015165
12715,41.99463926,-87.65680749
12728,41.99271449,-87.65704128
12734,41.99556527,-87.65712882
12758,41.99294557,-87.6556227
12771,41.99381825,-87.65818355
12778,41.9964875,-87.65826422
12783,41.99016589,-87.65832086
12786,41.99172686,-87.65841465
12787,41.99269894,-87.65844193
12789,41.99365873,-87.65847338
12800,41.99447949,-87.6573369
12807,41.99466027,-87.66063743
12828,41.99094558,-87.66704136
12891,41.99674997,-87.67094876
12949,41.99312103,-87.68837279
12972,41.99766158,-87.68750364
12977,41.99762949,-87.68939673
12980,41.99412941,-87.6812546
12983,41.99426292,-87.68623079
12985,41.99424297,-87.68737948
13008,41.99532934,-87.68259187
13029,41.99192763,-87.68094835
13032,41.99192345,-87.68124257
13033,41.9925847,-87.68125941
13042,41.99584149,-87.68743771
13046,41.99638091,-87.69091642
13048,41.99599865,-87.69133373
13073,41.99413626,-87.69534869
13093,41.99601555,-87.69014247
13128,41.99616897,-87.68997916
13133,41.99635796,-87.7067353
13134,41.99712211,-87.70705486
13149,41.99098366,-87.70199057
13154,41.99358225,-87.70207816
13159,41.99525459,-87.70213457
13182,41.99613525,-87.70337758
13198,41.99541714,-87.71578653
13200,41.99606545,-87.71684737
13263,42.00362033,-87.65777998
13282,42.00421844,-87.66069068
13306,42.0034471,-87.6700608
13329,42.00115844,-87.66575271
13341,42.00097683,-87.66363635
13377,42.00466022,-87.66100082
13381,42.00315877,-87.66795126
13387,42.00158137,-87.67259948
13394,42.00177379,-87.67414832
13398,42.00113252,-87.67062167
13404,42.00358497,-87.67235193
13424,42.00339435,-87.67307398
13426,42.00361195,-87.67319052
13435,41.99983997,-87.67785652
13443,42.00499713,-87.67073046
13466,41.9997314,-87.68529462
13468,41.99969777,-87.6873545
13470,41.99790938,-87.68593715
13474,41.99896418,-87.68884342
13486,41.99788104,-87.68751095
13489,41.99893799,-87.68367599
13495,41.99976298,-87.68336722
13500,41.99781585,-87.69142171
13508,41.99949452,-87.69862465
13524,42.00313401,-87.69939136
13538,41.99769952,-87.7034663
13543,41.99983174,-87.70200162
13553,41.99973514,-87.70107288
13602,42.00929634,-87.66183943
13603,42.00788237,-87.66089965
13609,42.00565706,-87.66037856
13623,42.01147501,-87.66462961
13626,42.01164392,-87.66305334
13631,42.00655744,-87.6613785
13639,42.0065295,-87.66862994
13677,42.00899199,-87.66709765
13690,42.0079661,-87.66899037
13693,42.0056204,-87.66282386
13697,42.00631282,-87.66129966
13700,42.00885548,-87.66213297
13702,42.00987619,-87.66246526
13707,42.01269968,-87.66464696
13709,42.01268557,-87.66549033
13717,42.01168184,-87.66536193
13730,42.00696567,-87.67014825
13731,42.00794147,-87.67045799
13745,42.01092573,-87.67245465
13752,42.01143084,-87.6795777
13757,42.00671248,-87.67094852
13759,42.00668649,-87.67237393
13768,42.01035242,-87.6717099
13795,42.00649542,-87.67079929
13797,42.00670455,-87.67137659
13798,42.00659333,-87.67811683
13836,42.01239579,-87.68211228
13837,42.0059892,-87.68068736
13848,42.01048726,-87.69447246
13850,42.01118828,-87.69379176
13873,42.0105496,-87.6912452
13895,42.01810639,-87.66512052
13907,42.01385047,-87.66302108
13911,42.01404113,-87.66397091
13931,42.01764611,-87.66804675
13945,42.0161708,-87.6675428
13947,42.01547881,-87.66475319
13958,42.01487316,-87.66696757
13959,42.01484178,-87.66890829
13974,42.01752161,-87.66833628
13991,42.01270694,-87.68012944
13996,42.01632702,-87.68032542
13997,42.0167515,-87.68016327
14003,42.01447663,-87.67657273
14015,42.0150203,-87.67121361
14029,42.01863178,-87.68637116
14050,42.01523201,-87.6805416
14067,42.01937248,-87.68439362
14072,42.01518368,-87.68316125
14073,42.0184189,-87.68313552
14087,42.01411821,-87.68356474
14107,42.01846864,-87.68178615
14118,42.01238174,-87.68929424
14121,42.01691207,-87.69083823
14128,42.01365531,-87.69038394
14136,42.02103996,-87.67022953
14165,42.02066256,-87.66838514
14171,42.02237241,-87.67015372
14185,42.02126474,-87.67077606
14189,42.02241088,-87.67105195
14190,42.02148276,-87.67410225
14192,42.01948985,-87.67205667
14193,42.02106998,-87.6725281
14216,42.01146372,-87.66528214
14442,41.87764548,-87.67215509
14467,41.87627246,-87.68059778
14474,41.87745534,-87.68485371
14512,41.8738686,-87.69982462
14513,41.87386141,-87.70043355
14520,41.8809088,-87.70597408
14527,41.87870816,-87.70253554
14542,41.880597,-87.71114226
14546,41.87733838,-87.71444267
14549,41.88078832,-87.71259073
14560,41.87459484,-87.71813629
14567,41.8775278,-87.72078455
14568,41.87717386,-87.72078414
14570,41.87679764,-87.72324105
14645,41.87689359,-87.73764926
14646,41.87677084,-87.74238014
14647,41.87707459,-87.73547397
14654,41.87894875,-87.74262407
14655,41.8763499,-87.74253072
14657,41.88049945,-87.73559596
14663,41.87844863,-87.74828103
14665,41.87850261,-87.74920011
14681,41.87982256,-87.75338608
14682,41.88004061,-87.75368818
14686,41.87938454,-87.74586888
14687,41.87960404,-87.74587387
14699,41.87686526,-87.7474587
14702,41.87776518,-87.7480023
14717,41.87389354,-87.75497379
14719,41.87361658,-87.76172717
14728,41.87301161,-87.75853776
14733,41.87665653,-87.76391181
14734,41.87794781,-87.75512382
14735,41.87479856,-87.75500403
14739,41.87738963,-87.76025206
14745,41.8777301,-87.77383605
14753,41.87982944,-87.77153235
14754,41.88000473,-87.77295794
14756,41.8797978,-87.77315857
14761,41.87782941,-87.76731387
14762,41.87782465,-87.7676334
14763,41.87974431,-87.76499581
14848,41.87929044,-87.63655504
14932,41.87632099,-87.6308794
15137,41.86913751,-87.68258181
15195,41.86776994,-87.68621328
15211,41.87167356,-87.69618759
15241,41.87275943,-87.70328847
15253,41.87259376,-87.71237941
15277,41.87105257,-87.70761333
15287,41.86698711,-87.72387269
15293,41.87241726,-87.72047363
15312,41.8719286,-87.72755305
15355,41.87034652,-87.77412878
15356,41.86755314,-87.77405847
15358,41.86585634,-87.77276743
15359,41.86579394,-87.77305905
15486,41.86356878,-87.65244876
15615,41.86355645,-87.65329446
15654,41.86504744,-87.69445217
15691,41.86128616,-87.70537521
15714,41.85935906,-87.70927142
15744,41.8596054,-87.71264186
15755,41.86420278,-87.71432674
15771,41.86200934,-87.72001688
15781,41.86568758,-87.71936221
15782,41.86434945,-87.71931908
15791,41.86511461,-87.7179692
15793,41.86481997,-87.71796112
15794,41.86068505,-87.71783834
15812,41.86034762,-87.7224181
15816,41.8624329,-87.7231453
15822,41.86098465,-87.72244021
15827,41.86421272,-87.72770003
15852,41.86048345,-87.73341799
15858,41.86288417,-87.73378647
15893,41.86141967,-87.73618418
15904,41.85829864,-87.62219351
15924,41.85439989,-87.62400107
16076,41.8594723,-87.65632335
16386,41.85330869,-87.66829103
16428,41.85656388,-87.68300345
16461,41.85409775,-87.67754029
16479,41.85206712,-87.6914287
16501,41.85750855,-87.69497176
16547,41.85290402,-87.69685528
16548,41.85283997,-87.70163084
16549,41.85383624,-87.69737791
16561,41.85439815,-87.7100555
16594,41.85701191,-87.71529981
16598,41.85208052,-87.71759255
16641,41.85825203,-87.726016
16643,41.85538639,-87.7259263
16666,41.85104054,-87.62238659
16669,41.85201901,-87.62363505
16680,41.8500047,-87.62358624
16745,41.85157794,-87.63492035
16812,41.85281839,-87.63186167
16874,41.85206266,-87.6760355
16935,41.85088095,-87.69499413
16952,41.85180634,-87.69434919
16957,41.84826268,-87.70254965
16976,41.85152367,-87.70019546
16996,41.84728289,-87.70374314
17002,41.84697274,-87.70158
17055,41.85132343,-87.71635557
17074,41.84968429,-87.71874803
17080,41.84438722,-87.72263205
17085,41.85133081,-87.7318541
17091,41.84460937,-87.72957519
17098,41.84706647,-87.72744887
17119,41.84423259,-87.62195817
17120,41.84357287,-87.62194688
17124,41.83954494,-87.6230897
17147,41.84213693,-87.61705822
17198,41.83833137,-87.6327427
17222,41.84168856,-87.63920948
17246,41.84441294,-87.63839073
17261,41.84683167,-87.64700512
17311,41.840071,-87.66149243
17365,41.84347718,-87.71612752
17417,41.83521335,-87.62048576
17442,41.83357233,-87.61243055
17452,41.83465023,-87.63416182
17542,41.83638365,-87.65095823
17548,41.83562725,-87.65123025
17559,41.83730751,-87.65024856
17594,41.83055818,-87.67008496
17595,41.83055716,-87.6702542
17625,41.83044744,-87.62189629
17635,41.82505871,-87.62325424
17637,41.83005407,-87.61731993
17649,41.82575322,-87.61751743
17666,41.82906766,-87.61695898
17678,41.83083812,-87.61462489
17686,41.8296572,-87.61459953
17687,41.82864129,-87.61457959
17693,41.83077665,-87.6102556
17696,41.82926721,-87.60662782
17698,41.83109682,-87.60836966
17719,41.82727494,-87.64120515
17794,41.82944834,-87.67895237
17803,41.82446055,-87.68710668
17835,41.82150215,-87.61863554
17836,41.82121634,-87.61862753
17851,41.81769199,-87.62320588
17852,41.81713143,-87.62319074
17855,41.81904177,-87.6197114
17857,41.8216833,-87.61708473
17860,41.82062608,-87.61705532
17874,41.81823752,-87.6227186
17889,41.82255123,-87.61565182
17905,41.81675467,-87.61609081
17907,41.81690823,-87.60760464
17908,41.81922851,-87.61645178
17916,41.82191213,-87.60362922
18008,41.81204946,-87.61837536
18009,41.81127569,-87.61862347
18016,41.81102124,-87.62090359
18022,41.81300527,-87.62248857
18024,41.81250212,-87.62277661
18025,41.81210684,-87.62276602
18031,41.81588305,-87.62315957
18032,41.81571475,-87.62315454
18049,41.81614859,-87.61692566
18052,41.81288844,-87.61760153
18070,41.81308092,-87.60679221
18076,41.81570285,-87.61662074
18096,41.81495845,-87.61521987
18101,41.81291494,-87.61568125
18106,41.81134129,-87.6145144
18118,41.81478618,-87.61250106
18123,41.81676172,-87.60178732
18126,41.81559005,-87.60197292
18127,41.81063739,-87.60186885
18130,41.81385239,-87.59920482
18137,41.81511226,-87.60602028
18138,41.81315831,-87.59805972
18139,41.81125045,-87.60609811
18143,41.80968916,-87.60248248
18145,41.8140866,-87.59921034
18151,41.80976127,-87.59592719
18159,41.8107813,-87.6454403
18168,41.80901434,-87.64318161
18194,41.81532444,-87.67228476
18224,41.81387171,-87.70528122
18259,41.80683338,-87.62129339
18261,41.80638088,-87.62128296
18265,41.80852006,-87.62266933
18268,41.80555554,-87.62259392
18269,41.80544292,-87.62259151
18276,41.8076116,-87.62293759
18279,41.80596063,-87.62289568
18283,41.80316236,-87.62282421
18285,41.80674898,-87.61937671
18288,41.80595801,-87.61935781
18317,41.80739082,-87.62062384
18323,41.80879906,-87.622969
18328,41.80917868,-87.6227517
18332,41.80343326,-87.60992414
18333,41.80287663,-87.60990755
18337,41.80397532,-87.61022926
18338,41.80300035,-87.6102044
18358,41.80677165,-87.6159142
18361,41.80841274,-87.61128205
18363,41.80320303,-87.61116312
18364,41.80227969,-87.61122689
18367,41.80792233,-87.61370948
18373,41.80657493,-87.61442372
18374,41.80518374,-87.61401503
18376,41.80221706,-87.61545215
18384,41.80301701,-87.60912109
18392,41.8022675,-87.61205423
18402,41.80492088,-87.60903532
18406,41.80401879,-87.60363157
18419,41.80237347,-87.60588761
18420,41.8023793,-87.60547275
18421,41.80240771,-87.60293236
18426,41.80841098,-87.60263577
18428,41.80814359,-87.60292291
18429,41.80919213,-87.59697164
18430,41.80873391,-87.59696207
18432,41.80579618,-87.60551002
18433,41.80601317,-87.60571564
18435,41.80683465,-87.60636083
18437,41.80243104,-87.60065992
18445,41.80252338,-87.59255015
18463,41.80617039,-87.58579957
18468,41.80492318,-87.58562456
18472,41.80254046,-87.59109498
18502,41.80162621,-87.65026589
18511,41.80569029,-87.65531333
18517,41.8085091,-87.66387726
18589,41.80441141,-87.7236318
18591,41.80485951,-87.74294209
18597,41.801795,-87.61629095
18598,41.79962214,-87.6175775
18599,41.79800787,-87.61753863
18602,41.80061963,-87.61786015
18615,41.7956068,-87.62101438
18621,41.79892468,-87.62242732
18641,41.80136011,-87.61628875
18644,41.7985631,-87.61672637
18645,41.79834217,-87.61680046
18658,41.79856164,-87.61680752
18670,41.79972462,-87.60377905
18689,41.79786308,-87.60112314
18690,41.80085587,-87.6014834
18704,41.80222778,-87.60273731
18739,41.79874096,-87.60527529
18743,41.80140057,-87.6027203
18748,41.80116519,-87.60271319
18751,41.80131388,-87.59033467
18752,41.80118992,-87.59033203
18773,41.79923315,-87.58893725
18780,41.80028598,-87.589215
18786,41.79857178,-87.58921454
18795,41.80231259,-87.59178215
18799,41.79961156,-87.59253344
18805,41.80140027,-87.59359772
18837,41.80158967,-87.59330848
18848,41.79879987,-87.58535388
18856,41.80064038,-87.58604842
18862,41.79739503,-87.58561065
18870,41.80237398,-87.5871808
18880,41.80188015,-87.58507398
18888,41.79950979,-87.58396183
18889,41.79952126,-87.58349016
18892,41.79970537,-87.58494775
18906,41.80049809,-87.64546424
18908,41.79419961,-87.6607969
18910,41.79417904,-87.6622224
18974,41.78981043,-87.62086685
18979,41.79150507,-87.62223616
18982,41.78796496,-87.62214621
18983,41.78785189,-87.62214304
18987,41.79195661,-87.62254005
18993,41.78914772,-87.62247236
18997,41.78807343,-87.62244264
18998,41.78762147,-87.62243002
18999,41.79251848,-87.61902058
19007,41.79240066,-87.61931084
19014,41.79251052,-87.61606922
19017,41.79194256,-87.61605485
19021,41.79034579,-87.61601869
19025,41.78965273,-87.62542654
19032,41.79139124,-87.62223354
19035,41.78762232,-87.61648561
19041,41.79096072,-87.62220556
19046,41.79421122,-87.62488199
19138,41.79539991,-87.59162591
19176,41.79507542,-87.58752074
19180,41.79513581,-87.58229602
19195,41.78912948,-87.63021181
19204,41.79235623,-87.64374644
19216,41.79155356,-87.66437442
19254,41.78579063,-87.61695776
19256,41.78632983,-87.61753964
19258,41.78518903,-87.6204568
19260,41.78306466,-87.62040232
19263,41.78731685,-87.62185124
19265,41.78316338,-87.62202058
19267,41.7816036,-87.62186728
19268,41.78062165,-87.62184262
19279,41.78703349,-87.61593659
19281,41.7864109,-87.61592274
19282,41.78579736,-87.61652936
19283,41.78256968,-87.61583014
19284,41.78246783,-87.6158278
19288,41.78033305,-87.61648443
19290,41.78728687,-87.62357172
19291,41.78673187,-87.62373602
19298,41.78732913,-87.62107983
19300,41.78548189,-87.62171788
19301,41.78552729,-87.61976233
19302,41.78573894,-87.62023272
19303,41.78376785,-87.61605579
19316,41.78321778,-87.61312365
19329,41.7816137,-87.61338173
19333,41.7824698,-87.60737874
19335,41.78210001,-87.60827458
19343,41.78200367,-87.61261238
19345,41.78218913,-87.6152774
19348,41.78113018,-87.61550009
19359,41.78518649,-87.61106306
19360,41.78501717,-87.61105828
19369,41.78444334,-87.61457926
19382,41.78574174,-87.60740122
19395,41.78284667,-87.60450722
19406,41.78340845,-87.60290055
19420,41.78215275,-87.60223493
19422,41.78317773,-87.59105136
19425,41.78204673,-87.59153311
19433,41.78158712,-87.59481427
19440,41.78159175,-87.59094967
19461,41.78351963,-87.64334056
19462,41.78150969,-87.64167237
19469,41.78270516,-87.654434
19476,41.78157497,-87.64743841
19483,41.78069309,-87.664103
19488,41.78526255,-87.65479385
19489,41.77961479,-87.66202924
19497,41.77947733,-87.67013473
19509,41.78633359,-87.69251991
19512,41.77933184,-87.68367576
19516,41.77934176,-87.68548031
19518,41.78021918,-87.68381371
19523,41.77932186,-87.70085804
19525,41.78256739,-87.70309667
19526,41.77967507,-87.7030105
19531,41.78274231,-87.70160022
19536,41.77928866,-87.69934614
19537,41.77939786,-87.69964158
19539,41.77911214,-87.70113022
19541,41.77915738,-87.69803998
19543,41.78615531,-87.70349314
19548,41.7797754,-87.70373046
19549,41.779075,-87.70363675
19554,41.77913544,-87.72262737
19570,41.7787115,-87.61573757
19571,41.77866642,-87.61573659
19572,41.77793474,-87.61571455
19573,41.77731374,-87.6156998
19574,41.77725729,-87.61569846
19575,41.77708793,-87.61569443
19577,41.77611598,-87.61566912
19578,41.77549546,-87.61565522
19580,41.7788468,-87.61574048
19581,41.77853022,-87.61573253
19584,41.77804675,-87.60938309
19591,NA,NA
19595,41.77512317,-87.60811944
19607,41.77489674,-87.61543603
19609,NA,NA
19615,NA,NA
19618,41.77407333,-87.60077368
19622,41.77442546,-87.5995684
19627,41.77408211,-87.59985424
19629,41.77490579,-87.60229879
19632,41.77803751,-87.604795
19637,41.77886642,-87.59651806
19644,41.77334353,-87.59635672
19653,41.77748903,-87.59314971
19654,41.77470595,-87.59308912
19664,41.77795355,-87.58652921
19665,41.77708361,-87.58673425
19669,41.77864186,-87.5922442
19675,41.7751479,-87.63315961
19676,41.77497888,-87.63315518
19682,41.77806052,-87.63164179
19683,41.77668823,-87.6311522
19687,41.77489273,-87.63153718
19692,41.7772212,-87.64065355
19693,41.77607394,-87.64062455
19694,41.77265417,-87.64031944
19708,41.77395758,-87.64478264
19726,41.77267659,-87.66023782
19727,41.7779005,-87.65451697
19744,41.77862274,-87.69323182
19745,41.77844887,-87.6932273
19748,41.77891981,-87.69231718
19749,41.77768877,-87.69228224
19750,41.77713168,-87.69227741
19756,41.77390113,-87.68392308
19766,41.77726008,-87.70286758
19767,41.77704315,-87.70269168
19774,41.7718537,-87.69815789
19775,41.77184273,-87.69872192
19776,41.77181541,-87.70093735
19777,41.7718008,-87.70178584
19781,41.77889657,-87.70206217
19785,41.77361804,-87.70252498
19806,41.76973515,-87.62007769
19807,41.76824358,-87.6198559
19808,41.76661042,-87.61999396
19810,41.77275864,-87.62096472
19812,41.77274121,-87.62186879
19815,41.76909157,-87.6225086
19818,41.76917933,-87.61810631
19821,41.77018071,-87.62327579
19822,41.76748496,-87.62286922
19824,41.76846748,-87.6196169
19828,41.76579541,-87.61648717
19842,41.76924638,-87.61445232
19844,41.7693484,-87.60831591
19856,41.77136369,-87.59031369
19858,41.77138033,-87.59127354
19874,41.77161087,-87.58780154
19879,41.76775293,-87.58785756
19886,41.77140784,-87.58458261
19887,41.76982166,-87.5848624
19889,41.77279694,-87.58521155
19891,41.7698162,-87.58539669
19892,41.76959861,-87.58523169
19893,41.76963559,-87.5819349
19894,41.76858385,-87.58143676
19896,41.76717653,-87.58140089
19897,41.76707376,-87.58139863
19899,41.77255155,-87.58369483
19901,41.76983427,-87.58372913
19903,41.76689907,-87.58265943
19905,41.77206492,-87.58397726
19906,41.77172019,-87.58396684
19910,41.77279729,-87.57662433
19913,41.77068432,-87.57656953
19914,41.7704573,-87.57656333
19917,41.76808531,-87.57684235
19918,41.76735296,-87.57647796
19919,41.77326732,-87.58258555
19923,41.77141397,-87.5821519
19926,41.76985157,-87.58223866
19931,41.77089643,-87.58272615
19933,41.77323379,-87.58521328
19934,41.77327409,-87.58198674
19940,41.76633652,-87.57817739
19950,41.77297795,-87.57511236
19951,41.77175825,-87.57482717
19955,41.77291718,-87.57540407
19957,41.76790658,-87.57526933
19959,41.76687873,-87.57524443
19961,41.77177329,-87.57360627
19965,41.77020629,-87.57381571
19966,41.76789794,-87.57358762
19967,41.76678523,-87.57372468
19971,41.77242464,-87.57416688
19977,41.76942722,-87.57408918
19978,41.76911962,-87.57408068
19979,41.7681141,-87.5740515
19990,41.76816171,-87.56943668
19991,41.76794068,-87.56958722
19992,41.76723991,-87.56972079
19998,41.77179643,-87.57078468
20001,41.76977855,-87.5700153
20002,41.76921319,-87.56999983
20006,41.76701381,-87.57034288
20008,41.77228923,-87.57631587
20009,41.77200571,-87.5763087
20010,41.76635651,-87.57599
20011,41.77337987,-87.57251269
20012,41.77178425,-87.57255374
20018,41.76975324,-87.57258259
20019,41.76839372,-87.57254338
20020,41.76791062,-87.57227866
20021,41.76712038,-87.57251492
20022,41.77337698,-87.57297175
20023,41.77177765,-87.57326839
20024,41.77155815,-87.57326332
20025,41.76994489,-87.5733023
20026,41.76790167,-87.57324801
20027,41.76662992,-87.57279722
20028,41.76637913,-87.57320428
20035,41.76817738,-87.56742761
20040,41.77122532,-87.56842783
20042,41.76922674,-87.56837193
20044,41.76724667,-87.56871747
20046,41.77301788,-87.5714508
20048,41.7717904,-87.57140272
20049,41.77130714,-87.57140301
20052,41.76974816,-87.57103707
20053,41.7684057,-87.57132014
20054,41.76791992,-87.57137277
20055,41.76722142,-87.57135072
20057,41.77158574,-87.57170412
20059,41.76995971,-87.57199578
20060,41.76828773,-87.57161008
20064,41.77343857,-87.56689931
20070,41.76896052,-87.56667054
20071,41.76796262,-87.56689136
20072,41.77339285,-87.57153279
20074,41.76700191,-87.57134607
20078,41.76792585,-87.57075442
20080,41.76814234,-87.57106737
20086,41.77335145,-87.5758377
20087,41.77343579,-87.56778382
20091,41.76788451,-87.57489776
20092,41.76789088,-87.57438544
20094,41.76795312,-87.56795688
20097,41.77019519,-87.62814467
20099,41.77069145,-87.62845242
20105,41.76609247,-87.62964152
20109,41.76920681,-87.62842297
20111,41.76548056,-87.6360856
20123,41.77071057,-87.63743453
20124,41.77049125,-87.63742878
20126,41.77247896,-87.63757646
20128,41.76701661,-87.63854661
20137,41.76737635,-87.64554634
20141,41.76690778,-87.64582642
20153,41.77197525,-87.65323327
20156,41.7674155,-87.64675574
20160,41.76687451,-87.64824546
20161,41.76647917,-87.64823628
20165,41.7668104,-87.6512538
20168,41.76910056,-87.65771739
20174,41.76908545,-87.65679687
20180,41.77189731,-87.68226056
20198,41.76214638,-87.61639538
20202,41.76363787,-87.62221162
20210,41.7648866,-87.62343236
20214,41.76570395,-87.60919182
20220,41.75855474,-87.61307246
20221,41.76041568,-87.61119964
20228,41.75854204,-87.61382442
20253,41.76404486,-87.59636883
20258,41.76065989,-87.59045182
20262,41.76004291,-87.59311535
20267,41.76498218,-87.59327083
20274,41.76514887,-87.57920259
20276,41.76319596,-87.57915581
20277,41.76296991,-87.57915092
20278,41.76237223,-87.57922267
20279,41.75895274,-87.57917173
20281,41.76440599,-87.57987074
20284,41.76439939,-87.58049537
20285,41.76418243,-87.58025682
20294,41.76478145,-87.57641754
20295,41.76523726,-87.57709719
20296,41.76455795,-87.57708452
20297,41.7655387,-87.58351568
20300,41.76189566,-87.58341497
20301,41.76564231,-87.58381192
20304,41.76436548,-87.58386288
20305,41.76553706,-87.57798369
20311,41.76538361,-87.57643141
20313,41.76332209,-87.57638576
20314,41.76261665,-87.57684166
20317,41.75947404,-87.57630133
20318,41.76590951,-87.58206932
20320,41.76143186,-87.58217913
20321,41.76590323,-87.58276013
20322,41.76437445,-87.582973
20325,41.76187617,-87.58247059
20328,41.76023373,-87.58562333
20329,41.76529976,-87.58175729
20337,41.76143881,-87.58159942
20338,41.76148127,-87.577356
20340,41.76170804,-87.57681308
20350,41.76539624,-87.57697934
20351,41.76421668,-87.57689935
20353,41.76202576,-87.57484762
20354,41.76061945,-87.57508456
20358,41.76472706,-87.57612319
20359,41.7633257,-87.57609258
20360,41.76032501,-87.57602674
20372,41.76602777,-87.57005362
20375,41.7590091,-87.57425122
20382,41.76268296,-87.56110006
20386,41.76505513,-87.56369842
20388,41.7645345,-87.56320499
20393,41.7645056,-87.56463525
20395,41.76085838,-87.56307321
20397,41.75977334,-87.56330401
20398,41.76357495,-87.5652077
20401,41.76199068,-87.56496589
20402,41.76113981,-87.56495112
20406,41.7661952,-87.56290818
20411,41.76461471,-87.56097532
20417,41.76265654,-87.55904035
20420,41.76518331,-87.56190734
20422,41.7644837,-87.56121062
20426,41.76178357,-87.55854129
20428,41.76095779,-87.55772725
20438,41.76019949,-87.56231671
20442,41.76432549,-87.56645002
20446,41.76117674,-87.5562785
20447,41.76472072,-87.63327883
20448,41.761963,-87.63198475
20451,41.76162802,-87.63442625
20452,41.76349946,-87.62869204
20457,41.7634905,-87.63038397
20460,41.76001723,-87.63405323
20461,41.75950826,-87.63559021
20468,41.76387946,-87.64020061
20475,41.76513564,-87.641745
20477,41.75894271,-87.63557638
20486,41.76277732,-87.68275712
20504,41.75664437,-87.60557508
20509,41.75137404,-87.60630193
20510,41.75136411,-87.60701337
20519,41.75132361,-87.60927079
20520,41.75138584,-87.60570901
20525,41.75483011,-87.60488898
20528,41.7559574,-87.60301712
20531,41.75210687,-87.60050346
20535,41.75143681,-87.60148817
20539,41.75150385,-87.60411973
20544,41.75724075,-87.58847579
20546,41.75700363,-87.5918235
20556,41.7516864,-87.57836711
20560,41.75167084,-87.57959036
20569,41.75277391,-87.58458314
20571,41.75620641,-87.58327817
20572,41.75592423,-87.58327091
20573,41.75564168,-87.58326354
20581,41.75514916,-87.57621047
20582,41.75452859,-87.57619713
20589,41.75869777,-87.58219869
20590,41.75324249,-87.58181456
20591,41.75163993,-87.58206946
20598,41.75168964,-87.57811365
20602,41.75225564,-87.56760327
20608,41.75613239,-87.56131983
20609,41.75267543,-87.56125572
20610,41.75190545,-87.56132802
20617,41.75351692,-87.56156527
20620,41.75819727,-87.56378456
20621,41.75731962,-87.56343432
20622,41.75709913,-87.56351362
20624,41.75530217,-87.56372833
20626,41.75347418,-87.56335979
20631,41.75751882,-87.56406552
20632,41.75711244,-87.5640568
20636,41.75394818,-87.56399587
20642,41.75798708,-87.56256881
20643,41.75733013,-87.56255832
20644,41.75711447,-87.56221903
20651,41.75349167,-87.56206542
20656,41.75678893,-87.56283818
20660,41.75369581,-87.56319727
20664,41.75480361,-87.55865134
20668,41.75549096,-87.56461191
20670,41.75345362,-87.56490787
20674,41.75574538,-87.56524376
20675,41.75525791,-87.56565197
20677,41.75366343,-87.56562225
20687,41.75365949,-87.56595828
20688,41.75820933,-87.56286625
20692,41.75374215,-87.55956828
20700,41.75791391,-87.55641925
20701,41.75347251,-87.55163858
20703,41.75752275,-87.55637229
20709,41.75675474,-87.55298474
20710,41.75414707,-87.55017813
20711,41.75674468,-87.5533508
20713,41.75884927,-87.55523896
20714,41.75637103,-87.55257073
20715,41.75525268,-87.55136582
20716,41.75836147,-87.55509281
20719,41.75691518,-87.55353477
20720,41.75477491,-87.55122848
20722,41.75284251,-87.54914971
20723,41.75316481,-87.5499341
20724,41.75217698,-87.5520653
20726,41.75952953,-87.55811392
20727,41.75874969,-87.55770138
20731,41.76043692,-87.55721244
20732,41.7560199,-87.55256876
20735,41.75852858,-87.55578031
20742,41.75538569,-87.55162354
20743,41.75205173,-87.55059205
20746,41.75455303,-87.63360174
20752,41.75636858,-87.63418005
20755,41.75794075,-87.63617145
20760,41.75416114,-87.64373453
20764,41.75355674,-87.64030741
20768,41.75584462,-87.63671592
20770,41.75267965,-87.63686607
20773,41.75679578,-87.6345994
20774,41.75453945,-87.63445715
20775,41.75197537,-87.63447728
20786,41.75417448,-87.64519904
20787,41.75657912,-87.64434207
20788,41.7540567,-87.65205579
20789,41.75265243,-87.6488006
20793,41.75261375,-87.64758571
20798,41.75389127,-87.66301737
20801,41.75212384,-87.65947603
20802,41.75210702,-87.6606329
20803,41.75381562,-87.66176768
20804,41.75347706,-87.66175822
20807,41.75193662,-87.66201054
20808,41.75148468,-87.66200064
20810,41.75256668,-87.6584957
20812,41.75054151,-87.65814151
20815,41.7524238,-87.6540218
20816,41.7560185,-87.65765257
20820,41.75294119,-87.66364673
20826,41.75406192,-87.66677678
20827,41.75405419,-87.66748613
20828,41.75045254,-87.66433989
20834,41.75202928,-87.66622016
20857,41.75331874,-87.73006973
20858,41.75328327,-87.73169898
20860,41.75504428,-87.72231551
20861,41.75486919,-87.73185695
20862,41.75332637,-87.72941951
20863,41.75490046,-87.73004312
20871,41.75093958,-87.61891501
20875,41.75048961,-87.62312766
20876,41.74992215,-87.62311386
20877,41.74952558,-87.62310445
20879,41.7509672,-87.61729998
20883,41.74929053,-87.60850616
20887,41.74993747,-87.60898157
20890,41.75115822,-87.60603988
20899,41.74922457,-87.61238827
20901,41.74912558,-87.61259329
20903,41.74395536,-87.61258756
20907,41.74750271,-87.606198
20910,41.74406136,-87.60613592
20925,41.75107097,-87.61122849
20934,41.74942897,-87.61324386
20940,41.74921466,-87.61296458
20944,41.74759267,-87.61346471
20946,41.74769236,-87.60787376
20950,41.75019912,-87.61019854
20952,41.75104995,-87.61243839
20955,41.74766558,-87.60933624
20960,41.74702704,-87.60497088
20962,41.74548207,-87.6049284
20963,41.75018372,-87.59894641
20967,41.75077111,-87.60259631
20968,41.74986286,-87.60257219
20972,41.74754557,-87.60250659
20973,41.7463149,-87.6024668
20978,41.74704851,-87.6027808
20983,41.74443229,-87.60271193
20984,41.74942296,-87.60013511
20985,41.74685192,-87.60006351
20987,41.74553458,-87.60002212
20991,41.74435011,-87.59999396
20992,41.74845142,-87.600402
20995,41.74575696,-87.60031991
20996,41.74468603,-87.60029378
20997,41.74912398,-87.60133995
20998,41.74757784,-87.60129541
21000,41.74604361,-87.60125219
21001,41.74490055,-87.60122293
21003,41.75038112,-87.60166903
21004,41.74986999,-87.60165462
21006,41.74815379,-87.60160449
21010,41.74574266,-87.60153615
21012,41.75070136,-87.60380365
21014,41.74647284,-87.60368388
21019,41.74920792,-87.60405894
21021,41.74591414,-87.60440707
21022,41.74569464,-87.6044019
21024,41.74469839,-87.60392956
21028,41.74752472,-87.60445338
21032,41.74577645,-87.59684055
21035,41.74599015,-87.5972819
21037,41.7510058,-87.60168557
21040,41.7513336,-87.59004798
21041,41.75133786,-87.58962026
21042,41.74976253,-87.58677251
21044,41.75142042,-87.58206469
21057,41.75159202,-87.56860604
21072,41.75071319,-87.56364336
21075,41.751635,-87.56507666
21083,41.75103481,-87.56272846
21084,41.75081942,-87.56272414
21086,41.75091004,-87.55758074
21088,41.74864034,-87.55754591
21089,41.75100647,-87.55879775
21090,41.75061129,-87.55879045
21091,41.75012612,-87.55853259
21103,41.75121489,-87.56001463
21112,41.74571756,-87.55263347
21115,41.74640947,-87.5529396
21136,41.75039208,-87.65333869
21140,41.75025802,-87.6629567
21142,41.74863986,-87.66300012
21143,41.74639984,-87.66319092
21145,41.74873217,-87.65990386
21148,41.74661947,-87.66235704
21150,41.75028063,-87.66105177
21151,41.74685641,-87.66115063
21152,41.74503674,-87.66110334
21159,41.74331933,-87.65385537
21161,41.74670692,-87.65637564
21169,41.74673807,-87.65428501
21170,41.74669092,-87.65742162
21175,41.74510093,-87.65667102
21178,41.7432935,-87.6554918
21179,41.74326726,-87.65733248
21181,41.74323281,-87.65976047
21182,41.74322407,-87.66034943
21194,41.75019778,-87.66721977
21196,41.74859777,-87.66717891
21199,41.74681445,-87.66408018
21203,41.74475724,-87.6654147
21204,41.75021512,-87.6659241
21206,41.74838717,-87.66629718
21208,41.74656755,-87.66616672
21211,41.75022232,-87.66512881
21212,41.74658041,-87.66512051
21222,41.74549125,-87.70242094
21227,41.74275481,-87.61131345
21232,41.74154925,-87.60268178
21248,41.74043654,-87.58627765
21251,41.73874079,-87.57752844
21283,41.74311235,-87.65330593
21285,41.74321716,-87.6473757
21306,41.74294993,-87.66553498
21308,41.74293618,-87.66519808
21309,41.73588515,-87.66414272
21323,41.73069636,-87.60453122
21325,41.73531136,-87.60164856
21361,41.73084525,-87.5514218
21366,41.73151608,-87.55420367
21374,41.73174178,-87.55529253
21376,41.7301358,-87.55525653
21395,41.73579473,-87.64834638
21396,41.73081036,-87.66277059
21398,41.72927539,-87.6593704
21399,41.72916255,-87.65936698
21402,41.73027473,-87.66061571
21406,41.73028182,-87.65873821
21409,41.73511231,-87.66319456
21415,41.73566934,-87.6638259
21417,41.73198032,-87.66508752
21425,41.72874092,-87.60477865
21451,41.72953308,-87.55109725
21462,41.7281728,-87.55135937
21468,41.72925881,-87.55446844
21501,41.72841233,-87.6625187
21503,41.72292701,-87.66248595
21506,41.72137372,-87.65871944
21509,41.72479494,-87.65942738
21514,41.72295229,-87.6606842
21516,41.72160484,-87.6576769
21525,41.72830788,-87.66612685
21564,41.70739591,-87.61555797
21589,41.71377704,-87.66135678
21614,41.70556659,-87.60107403
21615,41.70268583,-87.55974771
21619,41.70419401,-87.56588098
21622,41.70353192,-87.56459815
21625,41.70259173,-87.5366385
21650,41.70281842,-87.66973274
21671,41.69440268,-87.6209382
21675,41.69663386,-87.61727191
21680,41.69269505,-87.62296361
21682,41.69943676,-87.6134094
21683,41.69555683,-87.61330466
21685,41.6938088,-87.61325771
21728,41.68625677,-87.61822957
21729,41.69174955,-87.62089291
21758,41.69065586,-87.61316691
21759,41.68930704,-87.61312751
21766,41.69084132,-87.61224927
21775,41.69211607,-87.61199587
21786,41.69145589,-87.65680329
21790,41.69183872,-87.67384642
21793,41.69171542,-87.67773271
21796,41.6916724,-87.68150809
21800,41.69144197,-87.7020068
21803,41.68404315,-87.7220268
21804,41.68404214,-87.72209072
21841,41.67313882,-87.61752533
21844,41.67343699,-87.61691596
21845,41.67344846,-87.61613661
21854,41.67692306,-87.63238792
21855,41.67779506,-87.63361033
21870,41.64892413,-87.54628497
21877,41.81849709,-87.60409363
21880,41.81101272,-87.6037806
21881,41.81067392,-87.60377372
21882,41.81056103,-87.60377143
21883,41.80965747,-87.60375229
21885,41.80697839,-87.60369608
21888,41.80283013,-87.60360398
21892,41.8149248,-87.60463481
21893,41.81436052,-87.60462338
21894,41.81310728,-87.60459402
21895,41.81254311,-87.60458253
21896,41.81220473,-87.60457532
21902,41.80679986,-87.60446287
21917,41.80538448,-87.60366186
21918,41.80356738,-87.60362199
21919,41.81158453,-87.6045627
21946,41.75037574,-87.59650668
21951,41.79485238,-87.61967424
21961,41.793871,-87.64314061
21968,41.79347743,-87.67078277
22129,41.89111636,-87.62006596
22166,41.77109124,-87.63744451
22174,41.88369098,-87.76483217
22201,41.95354644,-87.72703973
22204,41.86589024,-87.7067225
22251,41.88110332,-87.76830155
22268,41.78226913,-87.5923682
22290,41.89968229,-87.7482154
22292,41.89476337,-87.76289186
22365,41.87167507,-87.71955893
22399,41.7733179,-87.61049755
22462,41.96019966,-87.73088219
22467,41.77184721,-87.68472118
22502,41.87666647,-87.76302542
22519,41.79168386,-87.6981407
22559,41.73036324,-87.65424665
22563,41.78226416,-87.61582313
22580,41.90739876,-87.69097906
22591,41.91833206,-87.76928329
22634,41.76194667,-87.64015503
22667,41.74568044,-87.60564424
22720,41.75670479,-87.61442312
22729,41.86674653,-87.72778487
22784,41.80316876,-87.61335996
22791,41.78478381,-87.58828903
22798,41.7727344,-87.57144157
22808,41.7579727,-87.55988842
22826,41.76705419,-87.63494474
22827,41.75875604,-87.63314273
22879,41.79077511,-87.61735279
22885,41.77271428,-87.70318952
22896,41.80139849,-87.60623193
22960,41.77566482,-87.61565885
22985,41.95202654,-87.78294297
22987,41.75257503,-87.64637315
23010,41.96659174,-87.72251372
23055,41.75675167,-87.56133236
23066,41.88425472,-87.75195562
23073,41.94114481,-87.71770339
23106,41.74875315,-87.60404431
23119,41.90140225,-87.73379746
23165,41.78542685,-87.64750925
23181,41.75338134,-87.66457998
23202,41.75595534,-87.64674944
23235,41.74155807,-87.71033834
23365,41.78284254,-87.6119365
23386,41.72683588,-87.65981089
23400,41.74498302,-87.66482906
23401,41.73951873,-87.64956802
23440,41.87414624,-87.74763195
23457,41.80888647,-87.62459224
23565,41.75680311,-87.60894847
23584,41.78804349,-87.69803653
23622,41.98900347,-87.65692871
23646,41.77336718,-87.57398433
23674,41.78363655,-87.62347136
23705,41.79047343,-87.66652423
23721,41.7486178,-87.6653401
23724,41.79605077,-87.64780906
23748,41.99590436,-87.69788
23788,41.9589861,-87.73031539
23877,42.0058037,-87.68181485
23903,41.7830579,-87.60613358
23920,41.76370011,-87.66389808
24003,41.77554659,-87.69250971
24011,41.72932764,-87.54441956
24016,41.67595697,-87.63206984
24028,41.89880981,-87.67698782
24049,41.81209385,-87.67128659
24067,41.73289305,-87.65553575
24075,41.75104382,-87.56485957
24097,41.93683796,-87.71624816
24102,41.95808457,-87.74807925
24147,41.89115775,-87.70656888
24190,41.77865789,-87.65554508
24232,41.96258287,-87.75717589
24259,41.76098202,-87.5970879
24265,41.75443891,-87.63988959
24286,41.78281308,-87.69944522
24337,41.86991791,-87.72519092
24380,41.75672567,-87.61319949
24447,41.87425034,-87.76145461
24467,41.9262577,-87.72452322
24482,41.8301448,-87.68651223
24510,41.7471895,-87.65258342
24552,41.81484859,-87.62217355
24564,41.78675049,-87.61593025
24575,41.7522968,-87.66263572
24582,41.72725798,-87.54671037
24587,42.02126037,-87.67033676
24594,41.70693037,-87.63335265
24710,41.75251276,-87.54879715
24761,41.78461779,-87.62396968
24788,41.67443218,-87.6151184
24807,41.79045759,-87.62412871
24809,41.78644277,-87.62077826
24831,41.95052007,-87.75056725
24880,41.78062426,-87.69694316
24895,41.73482718,-87.61193566
24898,41.72863396,-87.55360265
24905,41.98389726,-87.71148283
24942,41.82578264,-87.62470308
24971,41.77328532,-87.58100846
24976,41.88187976,-87.75864239
24986,41.96272457,-87.65945045
25034,41.69157945,-87.61197822
25041,41.69992992,-87.62794455
25066,41.84687015,-87.70525696
25093,41.75568767,-87.55402146
25115,41.76590576,-87.61029373
25117,41.75218042,-87.65570168
25164,41.75721774,-87.63299066
25176,41.6691521,-87.63666396
25187,41.77037672,-87.62196902
25191,41.90015121,-87.72393414
25219,41.80336049,-87.67441373
25232,41.76555262,-87.62682483
25235,41.76227926,-87.59103973
25238,41.75323042,-87.55421294
25251,41.79393828,-87.68224418
25255,41.89394326,-87.71734194
25277,41.9145085,-87.65188101
25288,41.93551174,-87.71819957
25301,41.82782869,-87.64496636
25312,41.76759916,-87.61740122
25326,41.73026502,-87.54454106
25335,41.86365998,-87.62261125
25341,41.90738108,-87.76445188
25411,42.01865857,-87.66570886
25413,41.7716964,-87.6568683
25454,41.85663266,-87.72254265
25481,41.75268338,-87.56489139
25491,41.77373747,-87.69291942
25547,41.90077642,-87.72366391
25575,42.02078295,-87.66664021
25581,41.85371165,-87.71135521
25593,41.76820204,-87.68479041
25604,41.73552477,-87.54594162
25665,41.77504094,-87.78242119
25671,41.7487383,-87.60531466
25682,41.76832896,-87.69053341
25687,41.9398811,-87.72824424
25690,41.73369535,-87.54715384
25723,41.79891741,-87.66851095
25744,41.72227107,-87.66041943
25751,41.74080334,-87.6056284
25752,41.7753262,-87.61565141
25812,41.79171232,-87.69642666
25846,41.83641772,-87.63975045
25917,41.87683316,-87.74994708
25924,41.85692139,-87.712861
25936,41.800271,-87.59165555
25961,41.7704205,-87.61523773
25968,41.76111869,-87.63104846
25993,41.81469918,-87.60463022
25996,41.77639778,-87.61567679
26005,41.77097594,-87.61910926
26006,41.7346862,-87.67173825
26023,41.76137478,-87.58804935
26032,41.97293192,-87.70723319
26075,41.93836019,-87.74545081
26104,41.75430023,-87.63697085
26167,41.74078634,-87.60605683
26248,41.74220504,-87.60565471
26250,41.75991798,-87.6401341
26315,41.69435606,-87.6714271
26316,41.76551441,-87.63173585
26321,41.86583744,-87.77399645
26330,41.86984573,-87.71949707
26357,41.75168484,-87.56244875
26364,41.69132871,-87.67192597
26370,41.92515027,-87.80277533
26449,41.7541421,-87.56642755
26457,41.89840209,-87.72143587
26487,41.77436203,-87.64601007
26546,41.78623844,-87.69719004
26555,41.74882547,-87.61350542
26556,41.74879246,-87.60041095
26584,41.85012512,-87.69889443
26607,41.73920402,-87.56619677
26610,41.77686211,-87.61568906
26611,41.73837211,-87.60342571
26668,41.77690925,-87.60395378
26705,41.79633052,-87.69128496
26707,41.72465641,-87.53811771
26709,41.89306379,-87.76156515
26752,41.77409915,-87.62410771
26777,41.7383548,-87.64475308
26804,41.86165359,-87.66069299
26838,41.74881528,-87.60375307
26872,41.75308209,-87.66174717
26882,41.78156188,-87.65282172
26886,41.77340188,-87.70192307
26896,41.87872236,-87.74950298
26901,41.91690953,-87.80588291
26911,41.77112827,-87.62264628
26914,41.8671654,-87.71559118
26919,41.78383369,-87.69215685
26920,41.77273862,-87.63514866
26951,41.78690835,-87.660821
26996,41.7775267,-87.60697771
27004,41.95022015,-87.76212595
27026,41.77491019,-87.61477312
27040,41.86292136,-87.72278664
27081,41.96274659,-87.72065845
27106,41.76074359,-87.56235734
27116,41.83498758,-87.65092087
27117,41.74149626,-87.54679526
27118,41.73221095,-87.66430776
27160,41.87170906,-87.72767363
27194,41.69387786,-87.65800169
27221,41.77182871,-87.69985817
27238,41.95567534,-87.72097262
27274,41.99316986,-87.68152541
27281,41.80128436,-87.62277782
27341,41.75437674,-87.64763186
27347,41.85527644,-87.72592286
27355,41.76675908,-87.61514002
27415,41.86449715,-87.72021097
27420,41.92026331,-87.77301105
27509,41.81386791,-87.66982036
27565,41.9024002,-87.75839872
27639,41.7494176,-87.59879072
29113,41.88297963,-87.68015782
30071,41.88111405,-87.70336034
30086,41.88357755,-87.69773252
30232,41.8818479,-87.69985008
30330,41.88278728,-87.69639486
30349,41.88272251,-87.702672
30807,41.886219,-87.71287459
30885,41.88510313,-87.71127829
30912,41.88489815,-87.71374606
30935,41.88347572,-87.70911138
31028,41.88549706,-87.70693252
31048,41.88555639,-87.71163966
31089,41.88170636,-87.71084682
31399,41.88250849,-87.72099134
31736,41.88494362,-87.7308494
31756,41.88369186,-87.73297301
31840,41.88080333,-87.72831805
32360,41.88507969,-87.74530052
32482,41.88404006,-87.73906148
32940,41.88555048,-87.75360931
33331,41.88428961,-87.74924546
33419,41.88188586,-87.74835517
33437,41.88300749,-87.74653511
33637,41.88167686,-87.7475736
33645,41.88549918,-87.75754983
33657,41.88581971,-87.76323023
33658,41.88581489,-87.76352395
34024,41.88625752,-87.76160411
34149,41.88417502,-87.76126216
34343,41.88362882,-87.76512373
34528,41.88155125,-87.76965663
37039,41.89108711,-87.66720406
39859,41.89196175,-87.71044663
40727,41.89295893,-87.72096867
40935,41.89417947,-87.7173489
41071,41.89373582,-87.72006921
41123,41.89043169,-87.72364646
41732,41.8912814,-87.74492259
42200,41.89300188,-87.7515985
42279,41.8879444,-87.75350984
42285,41.88786906,-87.75519264
42583,41.89044006,-87.75284217
42588,41.89088726,-87.7528587
42650,41.89417112,-87.75327348
42919,41.89234504,-87.74950116
43127,41.88881468,-87.7573991
43569,41.8910107,-87.76243139
43596,41.89081836,-87.76326068
43917,41.89474283,-87.7654534
44043,41.89273186,-87.77273995
44133,41.89389546,-87.77025437
44490,41.88783874,-87.76518366
46484,41.90324135,-87.66713779
46525,41.90233174,-87.66691352
49158,41.90009401,-87.69612047
50679,41.89562548,-87.71042526
50814,41.90085197,-87.71512698
51448,41.89894066,-87.72277385
51512,41.89748513,-87.72262727
51823,41.90180134,-87.72490735
51852,41.89888396,-87.72511269
51944,41.89614737,-87.71892222
52381,41.90077849,-87.72143247
52397,41.90097172,-87.72244606
54081,41.89875788,-87.74907381
54198,41.90217744,-87.75231664
54203,41.9019419,-87.75469013
54464,41.90162984,-87.75193668
54611,41.89988039,-87.75464008
54680,41.89557027,-87.75331645
56117,41.89685545,-87.77505601
56634,41.8957146,-87.76678846
56761,41.89826157,-87.76779502
62503,41.90489023,-87.69380618
63923,41.90947261,-87.71204019
64243,41.90604494,-87.72289923
64263,41.909382,-87.72300761
64284,41.90778109,-87.71687857
64510,41.90928666,-87.72513715
65026,41.90437133,-87.72377316
65365,41.90680541,-87.72872696
65423,41.90575049,-87.73391705
65608,41.90404046,-87.73140964
65734,41.90752356,-87.73604476
66519,41.9059943,-87.75495645
67097,41.90299661,-87.76026325
67316,41.90748151,-87.75604509
68361,41.90229628,-87.77279826
68819,41.90918391,-87.77242403
69643,41.91816638,-87.64197351
72014,41.91588634,-87.67449563
74593,41.91136431,-87.69349989
75371,41.91624908,-87.69941635
77652,41.91163022,-87.72531208
78251,41.91299036,-87.72750391
79422,41.91640711,-87.74717675
79576,41.91131063,-87.7488456
79710,41.91074176,-87.7525412
81958,41.91066965,-87.78324234
88406,41.92121889,-87.6966926
89753,41.9190189,-87.71557794
90133,41.91899385,-87.70882725
90173,41.91946383,-87.70913811
90199,41.9198531,-87.71210214
91243,41.92412123,-87.72568615
92730,41.9186219,-87.74388477
93480,41.91708697,-87.74996842
93549,41.91878424,-87.75260752
93585,41.91729168,-87.75446209
102043,41.928626,-87.70547057
102878,41.92504832,-87.71091627
103047,41.92911373,-87.70956484
103528,41.92511938,-87.71441648
103573,41.93063814,-87.72313233
103683,41.9247014,-87.71799921
103793,41.92533687,-87.72572304
104046,41.92869742,-87.72091496
105807,41.92580543,-87.75606159
107803,41.92678937,-87.762543
107943,41.92580166,-87.77228281
109382,41.92756876,-87.77751151
110019,41.92525916,-87.80089035
116274,41.937461,-87.70237882
118059,41.93351409,-87.72347719
119130,41.9371044,-87.73122872
122123,41.9342832,-87.76526848
122907,41.93133665,-87.76983331
123389,41.93479939,-87.76780122
129161,41.94083449,-87.65964392
132016,41.94190612,-87.68554532
132150,41.94661693,-87.69105603
135894,41.94252001,-87.74711282
135965,41.94429217,-87.75632187
137157,41.93982766,-87.76178247
138155,41.94300407,-87.76894541
139989,41.93833799,-87.79142251
145125,41.94784039,-87.64616794
145173,41.95030056,-87.64715155
150333,41.9521429,-87.71177758
150396,41.95086729,-87.71635873
164936,41.95745554,-87.70574423
165141,41.96108571,-87.70672617
165241,41.96045463,-87.70196364
166131,41.95759042,-87.71685041
167050,41.95930886,-87.72187206
167904,41.95900414,-87.72869921
168048,41.95918514,-87.72952325
168466,41.95998298,-87.74735342
169356,41.95964004,-87.75248067
170426,41.95785698,-87.7670082
170979,41.9550207,-87.77302747
173673,41.9672177,-87.66541097
173712,41.96434834,-87.66114885
173736,41.96340306,-87.66192294
176070,41.96582348,-87.70579858
176318,41.96134806,-87.70022208
177195,41.96458912,-87.7132425
177230,41.96827376,-87.71503901
177578,41.96568131,-87.70991311
177847,41.96299776,-87.71815102
177877,41.96558935,-87.71831647
177909,41.96363326,-87.72270663
177910,41.96429111,-87.72287666
177920,41.96275981,-87.72332754
178165,41.96113259,-87.7217673
178647,41.96150071,-87.71941685
178817,41.96169414,-87.72927292
179785,41.96380158,-87.74006517
182446,41.96755228,-87.7765839
184889,41.97372556,-87.65619569
188172,41.77734118,-87.69293043
188211,41.97361311,-87.70725102
188519,41.97261698,-87.71367658
188567,41.9697504,-87.71203335
188766,41.9697706,-87.70988175
189856,41.97016625,-87.72857282
194281,41.97066501,-87.77842761
197327,41.98325023,-87.65991099
197397,41.97644174,-87.65796615
199613,41.97941409,-87.68935483
199634,41.97963359,-87.68935921
199724,41.98125191,-87.6921289
200313,41.97752303,-87.70076515
200797,41.97925921,-87.71263202
200919,41.97636333,-87.71248869
201760,41.97581134,-87.75242744
202614,41.9798092,-87.76610809
203509,41.97913114,-87.7721906
205203,41.97823367,-87.79160377
217213,41.98341014,-87.80188976
218427,41.99330234,-87.6581676
219633,41.99169862,-87.67195122
220011,41.99278546,-87.68342063
220315,41.99533693,-87.69941511
221142,41.99259279,-87.70175122
221413,41.99600907,-87.70793616
229758,42.00511533,-87.679433
229794,42.00270839,-87.67288604
230125,41.99910333,-87.68733499
231256,41.99859795,-87.70685287
231459,41.99798585,-87.70317667
231626,41.99821996,-87.70591494
234905,42.00734919,-87.6648689
235841,42.00903392,-87.6820755
240045,42.01489875,-87.6654355
240424,42.0177567,-87.67749937
240640,42.01805272,-87.68276094
244006,42.01983873,-87.66839343
244072,42.02067346,-87.66660946
244208,41.9335256,-87.74088927
245102,41.88171706,-87.64721054
246539,41.87679618,-87.68058474
247817,41.87933365,-87.69912661
248350,41.87465005,-87.71106277
248394,41.87556504,-87.71045815
248395,41.87540852,-87.7106791
248408,41.8771934,-87.70856739
248849,41.8755072,-87.71541072
248954,41.8784177,-87.72080891
249055,41.87891737,-87.72546178
249056,41.87704459,-87.7253977
249099,41.875393,-87.72437854
249121,41.87901969,-87.72256531
249276,41.87766452,-87.72571348
249825,41.87532447,-87.72965793
249870,41.87872059,-87.72878895
249899,41.87867392,-87.73283543
249902,41.87866713,-87.73338392
250226,41.87985174,-87.72728342
250342,41.87773827,-87.73648808
250343,41.87773727,-87.73656407
250439,41.88039161,-87.74500123
250906,41.87524225,-87.73624514
251510,41.87321656,-87.74592262
251513,41.87321116,-87.7462913
251544,41.87665362,-87.74680392
251647,41.88029156,-87.75287338
251925,41.87676066,-87.74529167
252268,41.8740282,-87.7569417
252571,41.87932842,-87.75517455
252611,41.88017308,-87.76217849
252635,41.87921966,-87.75884246
254933,41.87290645,-87.65854003
256465,41.86922491,-87.6868366
256668,41.87096881,-87.69430583
256776,41.86727869,-87.70340346
256905,41.87269539,-87.70315932
257258,41.86744937,-87.70433137
257804,41.87256989,-87.71421107
257851,41.87279202,-87.71398832
257868,41.86715055,-87.7142658
258066,41.87098454,-87.7132513
258078,41.8709642,-87.71483818
258425,41.86979815,-87.7180089
258522,41.86843875,-87.72265962
258547,41.87251604,-87.7189813
259209,41.86990682,-87.72596729
259329,41.87257258,-87.73324107
259351,41.86718446,-87.72579349
259367,41.86715078,-87.72815486
259394,41.87332208,-87.72683499
259628,41.87301727,-87.72555237
260582,41.86721243,-87.77179567
260775,41.86559767,-87.77219479
263742,41.86241884,-87.70399892
263760,41.86383025,-87.70544911
263795,41.86414264,-87.70452554
263971,41.86336578,-87.70909041
263972,41.86227167,-87.70905938
263998,41.86342169,-87.70938568
264033,41.86224282,-87.71149689
264034,41.86217846,-87.71178887
264042,41.8623043,-87.71393023
264044,41.86306673,-87.7059073
264068,41.86300529,-87.71139888
264112,41.86589048,-87.71038161
264219,41.86399204,-87.70696432
264320,41.85943502,-87.71263701
264362,41.85989833,-87.71172282
264400,41.86091941,-87.71474385
264866,41.86128551,-87.72122521
264877,41.8648328,-87.72162098
264933,41.86327822,-87.71669732
265019,41.86027135,-87.72392802
265033,41.86462793,-87.71932863
265069,41.86435297,-87.71794808
265070,41.86417176,-87.71794306
265104,41.86188677,-87.71636058
265176,41.8601614,-87.71875313
265389,41.8629381,-87.71733388
266083,41.86070726,-87.73464901
266993,41.85554607,-87.62402358
269307,41.85407917,-87.66525477
271134,41.85561936,-87.68380654
271946,41.85368157,-87.69270108
272153,41.85313765,-87.70300648
272200,41.85188092,-87.70483066
272244,41.85467183,-87.70201852
272441,41.85360726,-87.69818767
272791,41.85765926,-87.71014856
272961,41.85590426,-87.70673767
273063,41.85407881,-87.71225863
273076,41.85890615,-87.71291418
273133,41.85424576,-87.71107526
273139,41.85347615,-87.71105293
273199,41.85344419,-87.70965758
273893,41.85727109,-87.71748358
274176,41.85439735,-87.72218049
274188,41.8576724,-87.72257344
274773,41.8544271,-87.73142716
274922,41.85779854,-87.72600127
275037,41.85702141,-87.73392045
276847,41.8487165,-87.67589957
278046,41.84837631,-87.69514838
278508,41.84626839,-87.69540815
278606,41.84872362,-87.69914686
278780,41.84705393,-87.70402915
278866,41.85042749,-87.70168192
279690,41.84671586,-87.71348587
279964,41.85086989,-87.70659144
281851,41.84915283,-87.73057303
282642,41.84047416,-87.63401246
283844,41.84437293,-87.64131399
284078,41.84238199,-87.64002303
284271,41.83982157,-87.64283525
284557,41.83974044,-87.65563492
284678,41.83975224,-87.64941237
285160,41.83925905,-87.64769942
286517,41.83908133,-87.70868788
286636,41.83853099,-87.71355776
286944,41.84330403,-87.71217078
287384,41.84177357,-87.70754486
289229,41.83733165,-87.73301418
290389,41.83177824,-87.61948973
290487,41.8311807,-87.62049094
290549,41.83644601,-87.6204807
291486,41.83158659,-87.64261738
292344,41.8330656,-87.65360646
293047,41.83186751,-87.64768761
293881,41.83503452,-87.66582286
294616,41.83154196,-87.68127322
295309,41.83382698,-87.68534883
295469,41.83517807,-87.70490856
298020,41.82800818,-87.64009249
299118,41.82758967,-87.66895808
299577,41.82799027,-87.67292579
299673,41.8283137,-87.67049161
300251,41.82960301,-87.67870061
301518,41.82340374,-87.70399428
302606,41.81873868,-87.62131915
302672,41.81741132,-87.62319895
304065,41.81948769,-87.6020422
304206,NA,NA
305633,41.81689331,-87.68970833
306451,41.81565598,-87.70192434
307581,41.81012694,-87.61802776
307625,41.81338591,-87.62146979
307635,41.81041312,-87.62138852
307727,41.81603604,-87.61692296
307814,41.81119036,-87.62406513
307853,41.81177249,-87.61807415
308788,41.81225359,-87.61441279
308868,41.80980957,-87.61369936
309092,41.81677802,-87.6003329
309133,41.80971058,-87.60048473
309471,41.81091729,-87.5937036
309493,41.81114218,-87.59436541
309797,41.80975918,-87.63239504
310683,41.80978565,-87.63913697
311143,41.81022959,-87.6405604
311238,41.81207764,-87.66369914
311703,41.81272736,-87.67130153
312005,41.81495203,-87.66984749
312019,41.81347332,-87.66981027
312102,41.81080556,-87.67003696
312706,41.80977915,-87.69317456
313191,41.81226601,-87.68468335
313997,41.81425396,-87.69546858
315127,41.8129331,-87.70523283
315702,41.81092661,-87.70634987
317729,41.80523329,-87.61790247
318563,41.80324435,-87.60863579
319930,41.80786538,-87.64421632
319948,41.8080811,-87.64441438
320713,41.80757779,-87.65871698
321054,41.80285552,-87.66224052
321259,41.80554832,-87.65744774
321289,41.80576995,-87.65774662
321848,41.80336638,-87.65610714
321875,41.8085116,-87.66511729
322186,41.80525961,-87.66716645
322198,41.80319992,-87.66711262
322230,41.80565056,-87.66746952
322254,41.80172388,-87.66736991
322513,41.80686153,-87.66796172
322527,41.80682312,-87.67236348
323941,41.80821458,-87.69154236
327784,41.79629213,-87.62073895
327829,41.7958209,-87.62234925
327844,41.79680353,-87.62266795
328301,41.7966304,-87.60400896
329291,41.79666617,-87.63290603
330560,41.79897091,-87.64785604
330601,41.7971565,-87.65479488
331545,41.79620581,-87.66206594
331989,41.80057934,-87.67434633
332087,41.79498488,-87.66810845
332115,41.79806699,-87.66848828
332228,41.79630238,-87.67087044
332387,41.79676769,-87.66694185
332544,41.79610779,-87.67329643
332554,41.79403884,-87.67313996
332598,41.79918198,-87.6718738
332623,41.79724659,-87.67211139
332778,41.79570364,-87.6711893
333946,41.79507199,-87.68731193
334107,41.79723534,-87.69131073
334113,41.7959911,-87.69127591
334117,41.79689639,-87.6913012
334574,41.79683504,-87.69159286
334577,41.79672669,-87.69129626
335308,41.79370492,-87.69916505
336021,41.79614627,-87.70377801
336053,41.79704692,-87.7043618
338000,41.79675457,-87.72340922
339122,41.79988265,-87.7430975
344237,41.79169057,-87.61766558
344239,41.79102882,-87.61801471
344314,41.79201353,-87.62254138
344371,41.78895639,-87.62379401
345713,41.79355065,-87.63195498
346139,41.79143935,-87.63276758
347102,41.79004776,-87.64640903
347161,41.78838586,-87.6533628
347324,41.78755871,-87.64726857
347450,41.78748071,-87.6487765
347930,41.79281795,-87.66440663
348092,41.78883475,-87.65610097
348307,41.7921606,-87.66001528
348348,41.79301222,-87.65499257
348422,41.79193595,-87.65739339
348454,41.79060042,-87.65727224
349345,41.79267504,-87.6716864
349538,41.78866608,-87.66532417
351400,41.79107771,-87.69509392
351433,41.79170115,-87.6970685
351782,41.7863731,-87.70227705
352229,41.78782583,-87.69866054
352446,41.79059151,-87.70361981
359933,41.78351406,-87.62040817
359971,41.78624692,-87.62210008
360012,41.78736931,-87.61859498
360046,41.78338477,-87.61584816
360367,41.78441359,-87.61309769
360376,41.78270662,-87.61311216
360399,41.78383977,-87.61342913
360407,41.78270293,-87.61340543
360466,41.78392319,-87.60831042
360588,41.78181337,-87.61551875
360620,41.78342309,-87.6110179
360625,41.78291445,-87.61100556
360633,41.78202738,-87.61140975
360668,41.78353633,-87.61463885
361172,41.78312777,-87.59485158
361484,41.78428609,-87.62914864
361908,41.78083486,-87.6406736
362884,41.78330456,-87.64595239
362998,41.78221044,-87.65350115
363096,41.78248616,-87.64986106
363164,41.78395928,-87.65446635
363168,41.78253591,-87.65442972
363276,41.78318118,-87.651373
363732,41.78330897,-87.64624564
363832,41.78634457,-87.65846257
363913,41.78228265,-87.66049055
364287,41.78072668,-87.66196695
364398,41.78367274,-87.65475216
364731,41.78168397,-87.66289401
364931,41.78172072,-87.66441983
364946,41.78546455,-87.67392072
365047,41.78069204,-87.66803131
366166,41.78014669,-87.68251043
366340,41.78461447,-87.68467064
366370,41.77978726,-87.68473102
366490,41.78039459,-87.68597395
366743,41.78476795,-87.68891538
366762,41.7815526,-87.688734
366967,41.78630826,-87.6930255
366972,41.78482624,-87.68516338
367128,41.78567588,-87.68762207
367403,41.78551973,-87.70074257
367462,41.78274769,-87.70123416
367574,41.78614409,-87.7029469
367793,41.78256384,-87.69888215
367801,41.78096761,-87.69871989
367997,41.78618349,-87.70050927
368023,41.77916626,-87.69744813
368875,41.78239749,-87.70994657
369615,41.78050763,-87.71804991
370101,41.77882291,-87.71912222
373151,41.78029485,-87.76318374
373224,41.77820867,-87.7701392
374080,41.77780886,-87.77998612
375793,41.77394307,-87.62166894
375845,41.77911732,-87.61574612
375846,41.77893696,-87.61574237
375853,41.77748311,-87.61570383
375854,41.77651062,-87.61567986
375857,41.7758903,-87.61566374
375858,41.77577766,-87.61566126
375859,41.77543904,-87.61565395
375916,41.77862036,-87.61573555
375917,41.77848515,-87.61573102
376088,41.77792567,-87.61300659
376104,41.77644602,-87.6129829
376252,41.77405508,-87.60719238
376298,41.77392536,-87.60809524
376346,41.77361281,-87.61292355
376508,41.77555548,-87.6153632
376521,41.77888281,-87.6106221
376522,41.778419,-87.610612
376683,41.77727952,-87.61448671
377162,41.77768694,-87.60053965
377169,41.77634239,-87.60111891
377171,41.77611666,-87.60111365
377347,41.77485882,-87.60506989
377997,41.77525518,-87.58930837
378048,41.77406269,-87.59590972
378057,41.77593415,-87.59051159
378099,41.7741193,-87.58869229
378526,41.77297437,-87.6347166
378571,41.77465483,-87.62929782
379058,41.77451687,-87.63572063
379159,41.77481772,-87.63671722
379442,41.77302659,-87.65175292
379647,41.77623543,-87.6460596
379944,41.77519578,-87.64695199
380157,41.77796071,-87.65033157
380158,41.77790847,-87.65405767
380163,41.77608804,-87.65400893
380519,41.77517329,-87.6603062
380599,41.7783751,-87.65553778
380606,41.7783143,-87.65582955
380792,41.77413255,-87.66178263
380813,41.77783441,-87.65908458
380868,41.77237022,-87.65931344
380925,41.77789222,-87.6550209
381188,41.77410106,-87.66421967
381395,41.77832812,-87.67041586
381823,41.77847876,-87.67162219
381904,41.77517322,-87.66883399
381996,41.77411366,-87.66474985
382774,41.77208919,-87.68170897
382919,41.77356246,-87.67482253
383008,41.77916282,-87.6770312
383223,41.77875702,-87.68470154
383264,41.77207194,-87.68443742
383280,41.77752814,-87.68505751
383335,41.77519215,-87.69314408
383337,41.77412416,-87.69311835
383356,41.77726045,-87.68588414
383911,41.77734976,-87.69237616
383974,41.77913392,-87.68461674
384528,41.77739287,-87.69416327
384529,41.77717467,-87.6940716
384556,41.77898663,-87.69475311
384559,41.77838284,-87.69473574
384612,41.77735538,-87.69649006
384645,41.77840315,-87.69717558
384694,41.77732811,-87.69846323
384850,41.77558344,-87.69953964
384911,41.77738065,-87.6948834
385732,41.77538477,-87.70604404
386245,41.77328071,-87.7104237
390390,41.75188897,-87.5941377
392309,41.76798813,-87.62003115
392527,41.76812098,-87.61546946
392638,41.7709696,-87.61943671
392687,41.76746173,-87.62395687
392828,41.77209944,-87.62362277
393013,41.7707211,-87.60921068
393158,41.77212296,-87.60715001
393218,41.77159568,-87.60831691
393265,41.76614348,-87.61179363
393372,41.77012203,-87.61068245
393611,41.77292749,-87.61168847
393631,41.76945048,-87.61529792
393751,41.7664162,-87.58960736
393773,41.77051464,-87.5912527
393801,41.76771148,-87.59118597
393822,41.77137919,-87.58867284
393982,41.77251749,-87.58808525
393991,41.77158424,-87.59020368
393999,41.76862687,-87.59098285
394067,41.76979983,-87.58707183
394388,41.77086242,-87.58516043
394389,41.77069448,-87.58515606
394403,41.76843689,-87.58455026
394478,41.76964557,-87.58272579
394504,41.76715752,-87.58266517
394885,41.77214678,-87.57386655
394903,41.77154226,-87.57456817
394910,41.76881201,-87.57407215
394936,41.77069729,-87.57004419
394961,41.7688086,-87.57622508
395008,41.76722487,-87.57281055
395045,41.76897209,-87.5713362
395070,41.7697402,-87.57199159
395077,41.76874086,-87.57162297
395079,41.76845766,-87.57161493
395257,41.7686731,-87.628107
395373,41.76553459,-87.6304317
395467,41.76794077,-87.63242981
395570,41.76726524,-87.63548002
395616,41.7704205,-87.6430546
395622,41.76934853,-87.64302594
395698,41.76874851,-87.64435818
395710,41.76529571,-87.64426896
395803,41.76994315,-87.63741383
395884,41.76827569,-87.6385835
395898,41.76544083,-87.63850211
395969,41.76742569,-87.64216121
396577,41.76918957,-87.64587683
396604,41.76920836,-87.64466289
396710,41.77043788,-87.64925556
396746,41.77068809,-87.6497218
396847,41.7709892,-87.64713135
396918,41.77039874,-87.64803359
396925,41.76977889,-87.64801563
396940,41.76734226,-87.64796366
396986,41.77051352,-87.64657743
397935,41.77211752,-87.66164537
397962,41.76675862,-87.6543899
397966,41.76610325,-87.65428976
398075,41.77058686,-87.65675286
398390,41.76752605,-87.65432649
398612,41.76728974,-87.6673796
398759,41.76555553,-87.67005464
398857,41.76913216,-87.66529491
398911,41.76499273,-87.66601986
399730,41.76642349,-87.6821305
399740,41.76548544,-87.68209337
399747,41.76510261,-87.67368737
400093,41.76763445,-87.67440609
400279,41.76491264,-87.67406233
400507,41.77113486,-87.68449508
400535,41.76661603,-87.68395009
400536,41.76639654,-87.68394396
400626,41.76724855,-87.68561003
400637,41.77182895,-87.68593949
400638,41.77132129,-87.68601098
400713,41.76834681,-87.68939726
400807,41.77179608,-87.68810083
400871,41.76660192,-87.68833469
401028,41.76818975,-87.68563684
401113,41.7718338,-87.68563505
403680,41.76558817,-87.61587085
403806,41.76548758,-87.62084815
403890,41.7584264,-87.62018062
404315,41.76393067,-87.60627801
404417,41.76410702,-87.60811615
404659,41.76160016,-87.61047612
404685,41.75859417,-87.61031923
404776,41.76563456,-87.61332147
404783,41.76401976,-87.61378553
404784,41.764039,-87.61274361
404816,41.7586718,-87.60648505
404866,41.75929435,-87.61499648
404895,41.75859868,-87.61003096
405466,41.76160948,-87.59680904
405497,41.76303486,-87.59714012
405838,41.76143272,-87.58858475
405916,41.76200027,-87.59073919
406047,41.76411665,-87.58708217
406251,41.76405617,-87.59517707
406407,41.75977834,-87.58710589
406453,41.75885159,-87.58885154
406639,41.76476649,-87.5794867
406813,41.76505093,-87.58350155
406877,41.76594062,-87.57871199
407104,41.76079362,-87.57725397
407244,41.76039648,-87.57478714
407358,41.76086093,-87.57603849
407415,41.75905418,-87.57033757
407426,41.7655895,-87.57243229
407668,41.76423534,-87.57523817
408048,41.76311643,-87.56498649
408072,41.76071095,-87.5650287
408116,41.76015044,-87.56625132
408419,41.76006437,-87.63346867
408516,41.76309808,-87.62796362
408557,41.76354544,-87.62826668
408635,41.75917109,-87.63192093
408682,41.76134625,-87.63441965
408684,41.76106435,-87.63441278
408706,41.75946957,-87.6305893
408721,41.76350577,-87.62946613
408732,41.76471961,-87.6298991
408760,41.76419376,-87.63082694
408776,41.76067014,-87.63074561
409166,41.75989407,-87.64413147
409193,41.76279405,-87.64017486
409227,41.76415317,-87.63692676
409230,41.76361583,-87.63626756
409410,41.75966737,-87.64216744
409773,41.76379595,-87.64544326
409993,41.76132109,-87.65311544
410151,41.76235269,-87.64661821
410225,41.75990678,-87.6468492
410253,41.76319534,-87.65392057
410410,41.76340897,-87.64986961
410703,41.75864353,-87.65409389
411639,41.76325894,-87.66388689
412154,41.76314475,-87.67242038
412431,41.76110299,-87.66922233
413442,41.76331923,-87.6928495
413478,41.76273236,-87.68511492
413660,41.75987983,-87.68692866
416304,41.75665252,-87.61734542
416534,41.75276146,-87.61895715
417437,41.75685441,-87.61128107
418214,41.75669785,-87.60274177
418292,41.75154074,-87.60049114
419231,41.75234173,-87.57858985
419458,41.75455604,-87.58323572
419695,41.7526911,-87.58226246
419724,41.7516511,-87.58115338
420313,41.75240204,-87.57004678
420604,41.75260686,-87.56639256
420645,41.75175458,-87.57297861
420996,41.75346201,-87.55715814
421027,41.75278815,-87.56125785
421044,41.75431687,-87.56158086
421104,41.75269738,-87.56397026
421267,41.75677165,-87.55986489
421279,41.75342595,-87.55979997
421290,41.75770448,-87.56017685
421327,41.75727939,-87.56603151
421341,41.75476454,-87.5661457
421368,41.75479271,-87.56401255
421403,41.75888652,-87.56565795
421533,41.75318118,-87.55715212
421556,41.75357815,-87.55686755
421573,41.75685646,-87.55528256
421721,41.75434966,-87.55077193
421722,41.75417944,-87.55058938
421797,41.7526003,-87.55350402
421813,41.75620051,-87.55238673
421870,41.75820149,-87.55631465
421942,41.75356166,-87.55669067
421954,41.75378494,-87.55642881
422099,41.75797883,-87.63383443
422165,41.75802987,-87.63054311
422385,41.75534937,-87.63577916
422391,41.75472687,-87.63576356
422527,41.75168789,-87.64026022
422609,41.7564279,-87.63854687
423008,41.75427994,-87.65172434
423121,41.75248241,-87.65009342
423248,41.75587299,-87.65209979
423405,41.7513361,-87.6490577
423454,41.75639937,-87.64676377
423518,41.75567595,-87.64766344
423551,41.7510192,-87.6475457
423600,41.75615366,-87.64805118
423606,41.75430484,-87.65005618
423937,41.75237561,-87.65732579
423976,41.7543021,-87.66015888
424164,41.7533661,-87.65396055
424179,41.75241133,-87.65485907
424197,41.75239992,-87.65570663
424213,41.75591146,-87.65659338
424228,41.75616236,-87.65511386
424246,41.75411641,-87.66259696
424255,41.75237105,-87.65771014
424527,41.75384332,-87.66668861
424689,41.75562455,-87.67004093
424760,41.75227606,-87.66413227
424761,41.75205848,-87.66395956
424803,41.75236123,-87.66484678
425282,41.75381654,-87.66903073
425295,41.7503958,-87.66889587
428186,41.75490985,-87.72952576
429055,41.7453854,-87.62108714
429298,41.75088485,-87.62313926
429425,41.7503498,-87.61798711
429691,41.74928187,-87.60896205
429823,41.74849717,-87.6062267
429885,41.75024702,-87.60748689
430209,41.74870749,-87.61379554
430271,41.74555959,-87.61286228
430273,41.74564262,-87.60790064
430274,41.74568643,-87.60531108
430564,41.74393945,-87.61349132
430567,41.75119493,-87.60507416
430592,41.7486388,-87.59890217
430665,41.75122114,-87.60290122
430667,41.75076682,-87.60288942
430685,41.74755912,-87.60279634
430690,41.74482769,-87.60272315
430694,41.75124948,-87.60018842
430704,41.74962304,-87.60005826
430733,41.748622,-87.6004065
430748,41.74491118,-87.60029948
430772,41.74935113,-87.60134666
430804,41.74546117,-87.60152911
430821,41.74967934,-87.60377691
430845,41.74419201,-87.603624
430926,41.74941977,-87.59842687
430928,41.74942397,-87.59798626
432215,41.74646592,-87.57816688
432957,41.74606517,-87.57393101
433107,41.7497492,-87.57025437
433342,41.75157599,-87.5712511
433662,41.74690153,-87.56844687
433772,41.75014695,-87.55706774
433895,41.75098065,-87.56364817
433930,41.75097102,-87.56394118
433944,41.74801264,-87.56414365
434071,41.7487532,-87.55754756
434300,41.750761,-87.56030067
434746,41.74869992,-87.54905448
434937,41.74634816,-87.55415296
434946,41.74999102,-87.55238432
435057,41.7453833,-87.5504944
435060,41.74521417,-87.55049098
435068,41.75128209,-87.55516329
435241,41.74609144,-87.54807993
435446,41.74812297,-87.55581785
435691,41.74496192,-87.54441958
435783,41.74908566,-87.63327514
435807,41.75089105,-87.62596851
436643,41.74430427,-87.64371077
436689,41.74902448,-87.6369112
436763,41.74785706,-87.64166804
437162,41.74739816,-87.64986799
437213,41.74705488,-87.65015171
437392,41.74676109,-87.65273716
438096,41.74870554,-87.65919141
438129,41.74997644,-87.6599367
438144,41.74687164,-87.6601045
438274,41.74500518,-87.66194116
438287,41.75026183,-87.66228646
438352,41.74482489,-87.66047189
438545,41.74511805,-87.65554077
438617,41.74851291,-87.65746933
438630,41.74506344,-87.65926409
439015,41.74954578,-87.67296638
439069,41.74965585,-87.66691771
439078,41.74860455,-87.66647033
439124,41.74942557,-87.66720506
439293,41.74499507,-87.66395209
439338,41.74558803,-87.66467708
439428,41.74679029,-87.66591912
439439,41.74475111,-87.66595577
439548,41.74896549,-87.67203747
439558,41.74876104,-87.67052641
440023,41.74945976,-87.67568914
445939,41.74273347,-87.61616568
446696,41.74295207,-87.6051517
446789,41.74315626,-87.61456112
447357,41.74319719,-87.60029496
447435,41.73792265,-87.6013639
447494,41.74256829,-87.60392468
447620,41.74137867,-87.60267709
448656,41.73895571,-87.57787024
448854,41.74231185,-87.58268232
449010,41.74342459,-87.58401369
450288,41.73847823,-87.5610211
450699,41.73862203,-87.55859696
451005,41.74440419,-87.56207656
451046,41.74416071,-87.55654534
451282,41.73763196,-87.56100905
451306,41.74222451,-87.54857575
451657,41.74269985,-87.55501856
452161,41.74381135,-87.54439433
452245,41.74282343,-87.5455826
452765,41.73898896,-87.63778639
453065,41.73767449,-87.65135603
453569,41.74156485,-87.64945375
453576,41.73977726,-87.64621624
454190,41.73764335,-87.65474849
454400,41.74115687,-87.65576879
454434,41.74257617,-87.65609931
455154,41.73746736,-87.66585255
455371,41.7384262,-87.66813598
458691,41.73478409,-87.7297804
461054,41.73458847,-87.60491949
461055,41.73446215,-87.60491657
462093,41.73465542,-87.6046279
462099,41.73361689,-87.60460298
462138,41.73109141,-87.60295025
462148,41.72974092,-87.60291805
462319,41.73566789,-87.60186122
462527,41.73657471,-87.60209826
462999,41.73176532,-87.58568299
463336,41.73691125,-87.57820646
465900,41.73289141,-87.54714393
465919,41.7373589,-87.54598126
465920,41.73704937,-87.54597552
465926,41.73643017,-87.54596364
465927,41.73612052,-87.54595683
465974,41.73728557,-87.55157514
466119,41.7320169,-87.55421448
466135,41.73704626,-87.55265912
466136,41.73698975,-87.55265831
466208,41.7346533,-87.55289867
466472,41.73581085,-87.54594959
468274,41.73538998,-87.65226176
468916,41.72984452,-87.65909422
469206,41.73324204,-87.65797844
469329,41.73054725,-87.65530192
469358,41.73054022,-87.65585892
470063,41.73561439,-87.66798285
470074,41.73198916,-87.66445916
471805,41.7282846,-87.60769078
472444,41.72872576,-87.6044853
472475,41.72610958,-87.60341579
472773,41.72765543,-87.60374187
474858,41.72853034,-87.5631929
475055,41.72782565,-87.55963934
475184,41.72644976,-87.55765284
475552,41.72587918,-87.54977685
475562,41.72948251,-87.55520084
475742,41.72655223,-87.54921821
478452,41.72782164,-87.65690164
478453,41.72765149,-87.6568964
478688,41.72173327,-87.66132756
479674,41.72124342,-87.66830279
480050,41.72525315,-87.67719556
484686,41.72012337,-87.53664268
484829,41.72107641,-87.53635208
484957,41.71739345,-87.53422328
485145,41.71882857,-87.64299481
485661,41.72088916,-87.62878929
485975,41.72069907,-87.6260696
486800,41.71621481,-87.64808141
486966,41.72131353,-87.64624635
487336,41.71414573,-87.65723751
489713,41.71062536,-87.62344356
489737,41.71343981,-87.62187682
489767,41.71253745,-87.62228435
490591,41.70938103,-87.61123821
491304,41.7145149,-87.57320057
494453,41.70711505,-87.63603685
495051,41.70757086,-87.64299877
496023,41.71395125,-87.65531356
499141,41.70636551,-87.62344004
500251,41.70276848,-87.60487852
502573,41.70285351,-87.62563284
503213,41.70612351,-87.62492241
505483,41.70615179,-87.66850876
505504,41.7004761,-87.66919885
510020,41.6980507,-87.61701953
510699,41.69499526,-87.61328964
510702,41.69396835,-87.61326218
510744,41.69433179,-87.61205445
510745,41.69369471,-87.61203698
510747,41.69346313,-87.61203053
510780,41.69340052,-87.61232172
511208,41.70083984,-87.53784663
513435,41.69266063,-87.62594006
513467,41.69894954,-87.62433297
515345,41.69910206,-87.66070726
515360,41.6990285,-87.65789131
516257,41.69315394,-87.66893482
516607,41.69445854,-87.68109495
519515,41.69150033,-87.71207516
520136,41.69189868,-87.61946928
520188,41.68858481,-87.61965929
520272,41.68669173,-87.61794984
520283,41.69191469,-87.61840299
520297,41.69034163,-87.61835608
520532,41.68907228,-87.6226679
520755,41.68953074,-87.60699276
520939,41.68829812,-87.61309847
520960,41.68706026,-87.60815117
522464,41.69062878,-87.62593562
522505,41.6908727,-87.62393168
523312,41.69002504,-87.63520384
523380,41.69205276,-87.63647262
524990,41.68562834,-87.66081179
526166,41.69169951,-87.67867084
526703,41.69164038,-87.68531013
528768,41.6838706,-87.6147549
528771,41.68405393,-87.61983522
529129,41.67817978,-87.61984861
529402,41.68084011,-87.61986415
529991,41.68088032,-87.62383692
530196,41.67888603,-87.62974672
531170,41.67943433,-87.63607806
531490,41.68163214,-87.63548257
532053,41.6783086,-87.64543546
532455,41.68268855,-87.66136666
533294,41.6796887,-87.65307424
533498,41.68104716,-87.66964085
534935,41.67370499,-87.61754118
535153,41.67793409,-87.62138761
535181,41.67541426,-87.62142516
535211,41.67632924,-87.62134126
535236,41.67365466,-87.61704733
535237,41.67365999,-87.61668171
535238,41.67366429,-87.61638924
535239,41.67366864,-87.61609677
535240,41.67367416,-87.61573118
535243,41.67419076,-87.61702126
535244,41.67432729,-87.61618584
536635,41.6772234,-87.64053932
537692,41.67068412,-87.64181632
540537,41.66841082,-87.63572845
540751,41.66615838,-87.63656747
541072,41.65744966,-87.61291409
543051,41.65274197,-87.54942894
543087,41.65205676,-87.54488711
545488,41.80351078,-87.60362008
548763,41.79377886,-87.6484587
554963,41.7546866,-87.55496472
555307,41.79638376,-87.73442556
562428,41.76335416,-87.65359165
567754,41.75064862,-87.65092232
570633,41.95540525,-87.69965552
571417,41.71866053,-87.6432827
634714,41.67469008,-87.64051484
643176,41.70836303,-87.53634997
656256,41.80456762,-87.60631201
660219,41.89012394,-87.63159666
663742,41.98388604,-87.65534235
663754,41.984483,-87.65536322
664376,41.75151187,-87.59412974
665451,41.7503798,-87.55514679
665455,41.75017565,-87.55497822
670388,41.89365563,-87.72456679
670434,41.78001222,-87.66408722